-- phpMyAdmin SQL Dump
-- version 5.0.2
-- https://www.phpmyadmin.net/
--
-- Host: 127.0.0.1
-- Generation Time: Aug 27, 2020 at 02:22 PM
-- Server version: 10.4.11-MariaDB
-- PHP Version: 7.4.6

SET SQL_MODE = "NO_AUTO_VALUE_ON_ZERO";
START TRANSACTION;
SET time_zone = "+00:00";


/*!40101 SET @OLD_CHARACTER_SET_CLIENT=@@CHARACTER_SET_CLIENT */;
/*!40101 SET @OLD_CHARACTER_SET_RESULTS=@@CHARACTER_SET_RESULTS */;
/*!40101 SET @OLD_COLLATION_CONNECTION=@@COLLATION_CONNECTION */;
/*!40101 SET NAMES utf8mb4 */;

--
-- Database: `laravel`
--

-- --------------------------------------------------------

--
-- Table structure for table `adds`
--

CREATE TABLE `adds` (
  `id` bigint(20) UNSIGNED NOT NULL,
  `type` varchar(255) COLLATE utf8mb4_unicode_ci NOT NULL,
  `url` varchar(255) COLLATE utf8mb4_unicode_ci NOT NULL,
  `location` varchar(255) COLLATE utf8mb4_unicode_ci NOT NULL,
  `created_at` timestamp NULL DEFAULT NULL,
  `updated_at` timestamp NULL DEFAULT NULL
) ENGINE=InnoDB DEFAULT CHARSET=utf8mb4 COLLATE=utf8mb4_unicode_ci;

--
-- Dumping data for table `adds`
--

INSERT INTO `adds` (`id`, `type`, `url`, `location`, `created_at`, `updated_at`) VALUES
(6, '1', 'https://sg.godaddy.com/', 'http://127.0.0.1:8000/storage/newspic/1593813647.jpeg', '2020-07-03 22:00:58', '2020-07-03 22:00:58'),
(7, '2', 'https://www.google.com/', 'http://127.0.0.1:8000/storage/newspic/1593813685.jpeg', '2020-07-03 22:01:25', '2020-07-03 22:01:25'),
(8, '3', 'https://www.gmail.com/', 'http://127.0.0.1:8000/storage/newspic/1593813714.jpeg', '2020-07-03 22:01:54', '2020-07-03 22:01:54'),
(9, '4', 'https://www.yandex.com/', 'http://127.0.0.1:8000/storage/newspic/1593813735.png', '2020-07-03 22:02:15', '2020-07-03 22:02:15'),
(10, '5', 'https://www.brainchildbd.xyz/', 'http://127.0.0.1:8000/storage/newspic/1593813786.jpeg', '2020-07-03 22:03:06', '2020-07-03 22:03:06');

-- --------------------------------------------------------

--
-- Table structure for table `common_pics`
--

CREATE TABLE `common_pics` (
  `id` bigint(20) UNSIGNED NOT NULL,
  `location` varchar(255) COLLATE utf8mb4_unicode_ci NOT NULL,
  `description` varchar(255) COLLATE utf8mb4_unicode_ci NOT NULL,
  `day` date NOT NULL,
  `created_at` timestamp NULL DEFAULT NULL,
  `updated_at` timestamp NULL DEFAULT NULL
) ENGINE=InnoDB DEFAULT CHARSET=utf8mb4 COLLATE=utf8mb4_unicode_ci;

--
-- Dumping data for table `common_pics`
--

INSERT INTO `common_pics` (`id`, `location`, `description`, `day`, `created_at`, `updated_at`) VALUES
(6, 'http://127.0.0.1:8000/storage/newspic/1598386229.png', '<p>dfdf dfdf df&nbsp;</p>', '2020-08-26', '2020-08-25 20:10:29', '2020-08-25 20:10:29'),
(7, 'http://127.0.0.1:8000/storage/newspic/1598388689.jpeg', '<p>s sddsf sfqweqwe qtvvv sdfsdf&nbsp;</p>', '2020-08-27', '2020-08-25 20:20:48', '2020-08-25 20:51:29'),
(8, 'http://127.0.0.1:8000/storage/newspic/1598386866.jpeg', '<p>rrf rfrf rfrf rfrf rfrf rfrf rfrf tyt tyty&nbsp; gffrff</p>', '2020-08-26', '2020-08-25 20:21:07', '2020-08-25 20:21:27');

-- --------------------------------------------------------

--
-- Table structure for table `failed_jobs`
--

CREATE TABLE `failed_jobs` (
  `id` bigint(20) UNSIGNED NOT NULL,
  `connection` text COLLATE utf8mb4_unicode_ci NOT NULL,
  `queue` text COLLATE utf8mb4_unicode_ci NOT NULL,
  `payload` longtext COLLATE utf8mb4_unicode_ci NOT NULL,
  `exception` longtext COLLATE utf8mb4_unicode_ci NOT NULL,
  `failed_at` timestamp NOT NULL DEFAULT current_timestamp()
) ENGINE=InnoDB DEFAULT CHARSET=utf8mb4 COLLATE=utf8mb4_unicode_ci;

-- --------------------------------------------------------

--
-- Table structure for table `mainmenus`
--

CREATE TABLE `mainmenus` (
  `id` bigint(20) UNSIGNED NOT NULL,
  `banglaname` varchar(255) COLLATE utf8mb4_unicode_ci NOT NULL,
  `englishname` varchar(255) COLLATE utf8mb4_unicode_ci NOT NULL,
  `order` int(11) NOT NULL,
  `display` int(11) NOT NULL DEFAULT 0,
  `created_at` timestamp NULL DEFAULT NULL,
  `updated_at` timestamp NULL DEFAULT NULL
) ENGINE=InnoDB DEFAULT CHARSET=utf8mb4 COLLATE=utf8mb4_unicode_ci;

--
-- Dumping data for table `mainmenus`
--

INSERT INTO `mainmenus` (`id`, `banglaname`, `englishname`, `order`, `display`, `created_at`, `updated_at`) VALUES
(1, 'আন্তর্জাতিক', 'international', 1, 1, '2020-07-03 07:54:09', '2020-07-03 11:55:43'),
(2, 'বাংলাদেশ', 'bangladesh', 2, 1, '2020-07-03 11:52:28', '2020-07-03 11:55:50'),
(3, 'খেলা', 'sports', 3, 1, '2020-07-03 11:52:59', '2020-07-03 11:56:19'),
(4, 'বিনোদন', 'entertainment', 4, 0, '2020-07-03 11:53:28', '2020-07-03 11:53:28'),
(5, 'প্রবাশ', 'foreign', 5, 1, '2020-07-03 11:54:11', '2020-07-03 11:56:22'),
(6, 'পরিবেশ', 'nature', 6, 0, '2020-07-08 19:25:02', '2020-07-08 19:25:02');

-- --------------------------------------------------------

--
-- Table structure for table `migrations`
--

CREATE TABLE `migrations` (
  `id` int(10) UNSIGNED NOT NULL,
  `migration` varchar(255) COLLATE utf8mb4_unicode_ci NOT NULL,
  `batch` int(11) NOT NULL
) ENGINE=InnoDB DEFAULT CHARSET=utf8mb4 COLLATE=utf8mb4_unicode_ci;

--
-- Dumping data for table `migrations`
--

INSERT INTO `migrations` (`id`, `migration`, `batch`) VALUES
(8, '2014_10_12_000000_create_users_table', 1),
(9, '2014_10_12_100000_create_password_resets_table', 1),
(10, '2019_08_19_000000_create_failed_jobs_table', 1),
(11, '2020_06_11_224217_create_mainmenus_table', 1),
(12, '2020_06_19_123846_create_news_table', 1),
(13, '2020_06_26_211621_create_pictures_table', 1),
(14, '2020_07_02_015323_create_adds_table', 1),
(17, '2020_07_14_233105_create_saves_table', 2),
(18, '2020_07_15_230820_add_location_to_users_table', 3),
(19, '2020_08_21_124158_create_common_pics_table', 4);

-- --------------------------------------------------------

--
-- Table structure for table `news`
--

CREATE TABLE `news` (
  `id` bigint(20) UNSIGNED NOT NULL,
  `mainmenu_id` bigint(20) UNSIGNED NOT NULL,
  `user_id` bigint(20) UNSIGNED NOT NULL,
  `headline` varchar(255) COLLATE utf8mb4_unicode_ci NOT NULL,
  `description` longtext COLLATE utf8mb4_unicode_ci NOT NULL,
  `count` smallint(6) NOT NULL DEFAULT 0,
  `headnews` smallint(6) NOT NULL DEFAULT 0,
  `picture` longtext CHARACTER SET utf8mb4 COLLATE utf8mb4_bin NOT NULL CHECK (json_valid(`picture`)),
  `journalist` varchar(255) COLLATE utf8mb4_unicode_ci NOT NULL,
  `created_at` timestamp NULL DEFAULT NULL,
  `updated_at` timestamp NULL DEFAULT NULL
) ENGINE=InnoDB DEFAULT CHARSET=utf8mb4 COLLATE=utf8mb4_unicode_ci;

--
-- Dumping data for table `news`
--

INSERT INTO `news` (`id`, `mainmenu_id`, `user_id`, `headline`, `description`, `count`, `headnews`, `picture`, `journalist`, `created_at`, `updated_at`) VALUES
(1, 1, 1, '২৪ ভাগ স্বাস্থ্যসেবাদানকারী এখনো পিপিই পাননি: জরিপ', '<p>ভাগ স্বাস্থ্যসেবাদানকারী এখনো পিপিই পাননি: জরিপভাগ স্বাস্থ্যসেবাদানকারী এখনো পিপিই পাননি: জরিপভাগ স্বাস্থ্যসেবাদানকারী এখনো পিপিই পাননি: জরিপভাগ স্বাস্থ্যসেবাদানকারী এখনো পিপিই পাননি: জরিপভাগ স্বাস্থ্যসেবাদানকারী এখনো পিপিই পাননি: জরিপভাগ স্বাস্থ্যসেবাদানকারী এখনো পিপিই পাননি: জরিপভাগ স্বাস্থ্যসেবাদানকারী এখনো পিপিই পাননি: জরিপভাগ স্বাস্থ্যসেবাদানকারী এখনো পিপিই পাননি: জরিপভাগ স্বাস্থ্যসেবাদানকারী এখনো পিপিই পাননি: জরিপ</p>\r\n\r\n<p>ভাগ স্বাস্থ্যসেবাদানকারী এখনো পিপিই পাননি: জরিপভাগ স্বাস্থ্যসেবাদানকারী এখনো পিপিই পাননি: জরিপভাগ স্বাস্থ্যসেবাদানকারী এখনো পিপিই পাননি: জরিপভাগ স্বাস্থ্যসেবাদানকারী এখনো পিপিই পাননি: জরিপ</p>\r\n\r\n<p>ভাগ স্বাস্থ্যসেবাদানকারী এখনো পিপিই পাননি: জরিপভাগ স্বাস্থ্যসেবাদানকারী এখনো পিপিই পাননি: জরিপভাগ স্বাস্থ্যসেবাদানকারী এখনো পিপিই পাননি: জরিপ</p>\r\n\r\n<p>&nbsp;</p>', 3, 0, '[\"http:\\/\\/127.0.0.1:8000\\/storage\\/newspic\\/1593784490.png\"]', 'dfff', '2020-07-03 07:54:51', '2020-07-14 21:29:16'),
(2, 2, 1, 'ভাগ স্বাস্থ্যসেবাদানকারী এখনো পিপিই পাননি: জরিপ', '<p>&nbsp;ভাগ স্বাস্থ্যসেবাদানকারী এখনো পিপিই পাননি: জরিপ&nbsp;ভাগ স্বাস্থ্যসেবাদানকারী এখনো পিপিই পাননি: জরিপ&nbsp;ভাগ স্বাস্থ্যসেবাদানকারী এখনো পিপিই পাননি: জরিপ</p>\r\n\r\n<p>&nbsp;ভাগ স্বাস্থ্যসেবাদানকারী এখনো পিপিই পাননি: জরিপ&nbsp;ভাগ স্বাস্থ্যসেবাদানকারী এখনো পিপিই পাননি: জরিপ&nbsp;ভাগ স্বাস্থ্যসেবাদানকারী এখনো পিপিই পাননি: জরিপ&nbsp;ভাগ স্বাস্থ্যসেবাদানকারী এখনো পিপিই পাননি: জরিপ&nbsp;ভাগ স্বাস্থ্যসেবাদানকারী এখনো পিপিই পাননি: জরিপ&nbsp;ভাগ স্বাস্থ্যসেবাদানকারী এখনো পিপিই পাননি: জরিপ&nbsp;ভাগ স্বাস্থ্যসেবাদানকারী এখনো পিপিই পাননি: জরিপ</p>\r\n\r\n<p>&nbsp;ভাগ স্বাস্থ্যসেবাদানকারী এখনো পিপিই পাননি: জরিপ&nbsp;ভাগ স্বাস্থ্যসেবাদানকারী এখনো পিপিই পাননি: জরিপ&nbsp;ভাগ স্বাস্থ্যসেবাদানকারী এখনো পিপিই পাননি: জরিপ&nbsp;ভাগ স্বাস্থ্যসেবাদানকারী এখনো পিপিই পাননি: জরিপ</p>\r\n\r\n<p>&nbsp;ভাগ স্বাস্থ্যসেবাদানকারী এখনো পিপিই পাননি: জরিপ&nbsp;ভাগ স্বাস্থ্যসেবাদানকারী এখনো পিপিই পাননি: জরিপ&nbsp;ভাগ স্বাস্থ্যসেবাদানকারী এখনো পিপিই পাননি: জরিপ&nbsp;ভাগ স্বাস্থ্যসেবাদানকারী এখনো পিপিই পাননি: জরিপ&nbsp;ভাগ স্বাস্থ্যসেবাদানকারী এখনো পিপিই পাননি: জরিপ&nbsp;ভাগ স্বাস্থ্যসেবাদানকারী এখনো পিপিই পাননি: জরিপ&nbsp;ভাগ স্বাস্থ্যসেবাদানকারী এখনো পিপিই পাননি: জরিপ&nbsp;ভাগ স্বাস্থ্যসেবাদানকারী এখনো পিপিই পাননি: জরিপ&nbsp;ভাগ স্বাস্থ্যসেবাদানকারী এখনো পিপিই পাননি: জরিপ</p>', 2, 0, '[\"http:\\/\\/127.0.0.1:8000\\/storage\\/newspic\\/1593799166.png\"]', 'প্রবাশ', '2020-07-03 11:59:26', '2020-07-08 19:28:43'),
(3, 2, 1, 'এখনো পিপিই পাননি: জরিপ ২৪ ভাগ স্বাস্থ্যসেবাদানকারী', '<p>&nbsp;ভাগ স্বাস্থ্যসেবাদানকারী এখনো পিপিই পাননি: জরিপ&nbsp;ভাগ স্বাস্থ্যসেবাদানকারী এখনো পিপিই পাননি: জরিপ&nbsp;ভাগ স্বাস্থ্যসেবাদানকারী এখনো পিপিই পাননি: জরিপ</p>\r\n\r\n<p>&nbsp;ভাগ স্বাস্থ্যসেবাদানকারী এখনো পিপিই পাননি: জরিপ&nbsp;ভাগ স্বাস্থ্যসেবাদানকারী এখনো পিপিই পাননি: জরিপ&nbsp;ভাগ স্বাস্থ্যসেবাদানকারী এখনো পিপিই পাননি: জরিপ&nbsp;ভাগ স্বাস্থ্যসেবাদানকারী এখনো পিপিই পাননি: জরিপ&nbsp;ভাগ স্বাস্থ্যসেবাদানকারী এখনো পিপিই পাননি: জরিপ&nbsp;ভাগ স্বাস্থ্যসেবাদানকারী এখনো পিপিই পাননি: জরিপ&nbsp;ভাগ স্বাস্থ্যসেবাদানকারী এখনো পিপিই পাননি: জরিপ</p>\r\n\r\n<p>&nbsp;ভাগ স্বাস্থ্যসেবাদানকারী এখনো পিপিই পাননি: জরিপ&nbsp;ভাগ স্বাস্থ্যসেবাদানকারী এখনো পিপিই পাননি: জরিপ&nbsp;ভাগ স্বাস্থ্যসেবাদানকারী এখনো পিপিই পাননি: জরিপ&nbsp;ভাগ স্বাস্থ্যসেবাদানকারী এখনো পিপিই পাননি: জরিপ</p>\r\n\r\n<p>&nbsp;ভাগ স্বাস্থ্যসেবাদানকারী এখনো পিপিই পাননি: জরিপ&nbsp;ভাগ স্বাস্থ্যসেবাদানকারী এখনো পিপিই পাননি: জরিপ&nbsp;ভাগ স্বাস্থ্যসেবাদানকারী এখনো পিপিই পাননি: জরিপ&nbsp;ভাগ স্বাস্থ্যসেবাদানকারী এখনো পিপিই পাননি: জরিপ&nbsp;ভাগ স্বাস্থ্যসেবাদানকারী এখনো পিপিই পাননি: জরিপ&nbsp;ভাগ স্বাস্থ্যসেবাদানকারী এখনো পিপিই পাননি: জরিপ&nbsp;ভাগ স্বাস্থ্যসেবাদানকারী এখনো পিপিই পাননি: জরিপ&nbsp;ভাগ স্বাস্থ্যসেবাদানকারী এখনো পিপিই পাননি: জরিপ&nbsp;ভাগ স্বাস্থ্যসেবাদানকারী এখনো পিপিই পাননি: জরিপ</p>\r\n\r\n<p>&nbsp;ভাগ স্বাস্থ্যসেবাদানকারী এখনো পিপিই পাননি: জরিপ&nbsp;ভাগ স্বাস্থ্যসেবাদানকারী এখনো পিপিই পাননি: জরিপ&nbsp;ভাগ স্বাস্থ্যসেবাদানকারী এখনো পিপিই পাননি: জরিপ&nbsp;ভাগ স্বাস্থ্যসেবাদানকারী এখনো পিপিই পাননি: জরিপ&nbsp;ভাগ স্বাস্থ্যসেবাদানকারী এখনো পিপিই পাননি: জরিপ&nbsp;ভাগ স্বাস্থ্যসেবাদানকারী এখনো পিপিই পাননি: জরিপ&nbsp;ভাগ স্বাস্থ্যসেবাদানকারী এখনো পিপিই পাননি: জরিপ&nbsp;ভাগ স্বাস্থ্যসেবাদানকারী এখনো পিপিই পাননি: জরিপ&nbsp;ভাগ স্বাস্থ্যসেবাদানকারী এখনো পিপিই পাননি: জরিপ</p>\r\n\r\n<p>&nbsp;</p>', 17, 0, '[\"http:\\/\\/127.0.0.1:8000\\/storage\\/newspic\\/1593799213.jpeg\"]', 'প্রবাশ', '2020-07-03 12:00:13', '2020-07-15 00:06:21'),
(4, 1, 1, '২৪ ভাগ স্বাস্থ্যসেবাদানকারী এখনো পিপিই পাননি: জরিপ', '<p>&nbsp;ভাগ স্বাস্থ্যসেবাদানকারী এখনো পিপিই পাননি: জরিপ&nbsp;ভাগ স্বাস্থ্যসেবাদানকারী এখনো পিপিই পাননি: জরিপ&nbsp;ভাগ স্বাস্থ্যসেবাদানকারী এখনো পিপিই পাননি: জরিপ</p>\r\n\r\n<p>&nbsp;ভাগ স্বাস্থ্যসেবাদানকারী এখনো পিপিই পাননি: জরিপ&nbsp;ভাগ স্বাস্থ্যসেবাদানকারী এখনো পিপিই পাননি: জরিপ&nbsp;ভাগ স্বাস্থ্যসেবাদানকারী এখনো পিপিই পাননি: জরিপ&nbsp;ভাগ স্বাস্থ্যসেবাদানকারী এখনো পিপিই পাননি: জরিপ&nbsp;ভাগ স্বাস্থ্যসেবাদানকারী এখনো পিপিই পাননি: জরিপ&nbsp;ভাগ স্বাস্থ্যসেবাদানকারী এখনো পিপিই পাননি: জরিপ&nbsp;ভাগ স্বাস্থ্যসেবাদানকারী এখনো পিপিই পাননি: জরিপ</p>\r\n\r\n<p>&nbsp;ভাগ স্বাস্থ্যসেবাদানকারী এখনো পিপিই পাননি: জরিপ&nbsp;ভাগ স্বাস্থ্যসেবাদানকারী এখনো পিপিই পাননি: জরিপ&nbsp;ভাগ স্বাস্থ্যসেবাদানকারী এখনো পিপিই পাননি: জরিপ&nbsp;ভাগ স্বাস্থ্যসেবাদানকারী এখনো পিপিই পাননি: জরিপ</p>\r\n\r\n<p>&nbsp;ভাগ স্বাস্থ্যসেবাদানকারী এখনো পিপিই পাননি: জরিপ&nbsp;ভাগ স্বাস্থ্যসেবাদানকারী এখনো পিপিই পাননি: জরিপ&nbsp;ভাগ স্বাস্থ্যসেবাদানকারী এখনো পিপিই পাননি: জরিপ&nbsp;ভাগ স্বাস্থ্যসেবাদানকারী এখনো পিপিই পাননি: জরিপ&nbsp;ভাগ স্বাস্থ্যসেবাদানকারী এখনো পিপিই পাননি: জরিপ&nbsp;ভাগ স্বাস্থ্যসেবাদানকারী এখনো পিপিই পাননি: জরিপ&nbsp;ভাগ স্বাস্থ্যসেবাদানকারী এখনো পিপিই পাননি: জরিপ&nbsp;ভাগ স্বাস্থ্যসেবাদানকারী এখনো পিপিই পাননি: জরিপ&nbsp;ভাগ স্বাস্থ্যসেবাদানকারী এখনো পিপিই পাননি: জরিপ</p>\r\n\r\n<p>&nbsp;ভাগ স্বাস্থ্যসেবাদানকারী এখনো পিপিই পাননি: জরিপ&nbsp;ভাগ স্বাস্থ্যসেবাদানকারী এখনো পিপিই পাননি: জরিপ&nbsp;ভাগ স্বাস্থ্যসেবাদানকারী এখনো পিপিই পাননি: জরিপ&nbsp;ভাগ স্বাস্থ্যসেবাদানকারী এখনো পিপিই পাননি: জরিপ&nbsp;ভাগ স্বাস্থ্যসেবাদানকারী এখনো পিপিই পাননি: জরিপ&nbsp;ভাগ স্বাস্থ্যসেবাদানকারী এখনো পিপিই পাননি: জরিপ&nbsp;ভাগ স্বাস্থ্যসেবাদানকারী এখনো পিপিই পাননি: জরিপ&nbsp;ভাগ স্বাস্থ্যসেবাদানকারী এখনো পিপিই পাননি: জরিপ&nbsp;ভাগ স্বাস্থ্যসেবাদানকারী এখনো পিপিই পাননি: জরিপ</p>', 12, 1, '[\"http:\\/\\/127.0.0.1:8000\\/storage\\/newspic\\/1593799251.jpeg\"]', 'sdf', '2020-07-03 12:00:51', '2020-07-15 00:06:34'),
(5, 2, 3, 'করোনায় ২৪ ঘণ্টায় মৃত্যু বাড়ল, শনাক্ত কমল', '<p>করোনাভাইরাসে সংক্রমিত হয়ে গত ২৪ ঘণ্টায় দেশে ৫৫ জনের মৃত্যু হয়েছে। এখন পর্যন্ত মারা গেছেন ২ হাজার ১৫১ জন। আর গত ২৪ ঘণ্টায় নতুন করে ৩ হাজার ২৭ জনের করোনা শনাক্ত হয়েছে। এ পর্যন্ত ১ লাখ ৬৮ হাজার ৬৪৫ জনের করোনা শনাক্ত হলো।</p>\r\n\r\n<p>&nbsp;</p>\r\n\r\n<p>দেশে করোনাভাইরাসের সংক্রমণ পরিস্থিতি নিয়ে স্বাস্থ্য অধিদপ্তরের নিয়মিত অনলাইন ব্রিফিংয়ে আজ মঙ্গলবার এমন তথ্য জানানো হয়। ২৪ ঘণ্টায় মৃত্যু বেড়েছে ও শনাক্ত কমেছে। গতকাল সোমবার দেশে করোনায় সংক্রমিত ৩ হাজার ২০১ জন শনাক্ত হওয়ার কথা জানানো হয়েছিল। মারা গিয়েছিলেন ৪৪ জন। তবে গতকালের চেয়ে আজ কম নমুনা পরীক্ষা করা হয়েছে।</p>\r\n\r\n<p>&nbsp;</p>\r\n\r\n<p>ব্রিফিংয়ে বলা হয়, ২৪ ঘণ্টায় সুস্থ হয়েছেন ১ হাজার ৯৫৩ জন। সব মিলিয়ে সুস্থ হয়েছেন ৭৮ হাজার ১০২ জন।</p>\r\n\r\n<p>&nbsp;</p>\r\n\r\n<p>ব্রিফিংয়ের তথ্যমতে, ২৪ ঘণ্টায় ১৩ হাজার ১৭৩ জনের নমুনা পরীক্ষা করা হয়েছে। এর আগের দিন ১৪ হাজার ২৪৫ জনের নমুনা পরীক্ষা করা হয়েছিল। এ পর্যন্ত পরীক্ষা হয়েছে ৮ লাখ ৭৩ হাজার ৪৮০টি নমুনা।</p>\r\n\r\n<p>দেশে ৭৪টি ল্যাবে (পরীক্ষাগার) করোনা পরীক্ষা হচ্ছে। গত ৮ মার্চ দেশে প্রথম করোনায় সংক্রমিত ব্যক্তি শনাক্তের ঘোষণা আসে। আর ১৮ মার্চ প্রথম মৃত্যুর ঘটনা ঘটে।</p>\r\n\r\n<p>করোনার ঝুঁকি এড়াতে সামাজিক দূরত্ব বজায় রাখা ও স্বাস্থ্যবিধি মানতে সবাইকে অনুরোধ করেছেন স্বাস্থ্য অধিদপ্তরের অতিরিক্ত মহাপরিচালক (প্রশাসন) অধ্যাপক নাসিমা সুলতানা। অনলাইন ব্রিফিংয়ে তিনি বলেন, যথাযথ স্বাস্থ্যবিধি মেনে সারা দেশে টিকাদান চালু আছে। সবাই টিকা নিশ্চিত করতে কেন্দ্রে আসুন।</p>', 2, 0, '[\"http:\\/\\/127.0.0.1:8000\\/storage\\/newspic\\/1594150906.jpeg\"]', 'ffffffff', '2020-07-07 13:41:47', '2020-07-09 18:28:07'),
(6, 3, 3, 'স্বাস্থ্যবিধি মানতে সবাইকে অনুরোধ করেছেন স্বাস্থ্য', '<p>করোনাভাইরাসে সংক্রমিত হয়ে গত ২৪ ঘণ্টায় দেশে ৫৫ জনের মৃত্যু হয়েছে। এখন পর্যন্ত মারা গেছেন ২ হাজার ১৫১ জন। আর গত ২৪ ঘণ্টায় নতুন করে ৩ হাজার ২৭ জনের করোনা শনাক্ত হয়েছে। এ পর্যন্ত ১ লাখ ৬৮ হাজার ৬৪৫ জনের করোনা শনাক্ত হলো।</p>\r\n\r\n<p>&nbsp;</p>\r\n\r\n<p>দেশে করোনাভাইরাসের সংক্রমণ পরিস্থিতি নিয়ে স্বাস্থ্য অধিদপ্তরের নিয়মিত অনলাইন ব্রিফিংয়ে আজ মঙ্গলবার এমন তথ্য জানানো হয়। ২৪ ঘণ্টায় মৃত্যু বেড়েছে ও শনাক্ত কমেছে। গতকাল সোমবার দেশে করোনায় সংক্রমিত ৩ হাজার ২০১ জন শনাক্ত হওয়ার কথা জানানো হয়েছিল। মারা গিয়েছিলেন ৪৪ জন। তবে গতকালের চেয়ে আজ কম নমুনা পরীক্ষা করা হয়েছে।</p>\r\n\r\n<p>&nbsp;</p>\r\n\r\n<p>ব্রিফিংয়ে বলা হয়, ২৪ ঘণ্টায় সুস্থ হয়েছেন ১ হাজার ৯৫৩ জন। সব মিলিয়ে সুস্থ হয়েছেন ৭৮ হাজার ১০২ জন।</p>\r\n\r\n<p>&nbsp;</p>\r\n\r\n<p>ব্রিফিংয়ের তথ্যমতে, ২৪ ঘণ্টায় ১৩ হাজার ১৭৩ জনের নমুনা পরীক্ষা করা হয়েছে। এর আগের দিন ১৪ হাজার ২৪৫ জনের নমুনা পরীক্ষা করা হয়েছিল। এ পর্যন্ত পরীক্ষা হয়েছে ৮ লাখ ৭৩ হাজার ৪৮০টি নমুনা।</p>\r\n\r\n<p>দেশে ৭৪টি ল্যাবে (পরীক্ষাগার) করোনা পরীক্ষা হচ্ছে। গত ৮ মার্চ দেশে প্রথম করোনায় সংক্রমিত ব্যক্তি শনাক্তের ঘোষণা আসে। আর ১৮ মার্চ প্রথম মৃত্যুর ঘটনা ঘটে।</p>\r\n\r\n<p>করোনার ঝুঁকি এড়াতে সামাজিক দূরত্ব বজায় রাখা ও স্বাস্থ্যবিধি মানতে সবাইকে অনুরোধ করেছেন স্বাস্থ্য অধিদপ্তরের অতিরিক্ত মহাপরিচালক (প্রশাসন) অধ্যাপক নাসিমা সুলতানা। অনলাইন ব্রিফিংয়ে তিনি বলেন, যথাযথ স্বাস্থ্যবিধি মেনে সারা দেশে টিকাদান চালু আছে। সবাই টিকা নিশ্চিত করতে কেন্দ্রে আসুন।</p>', 21, 0, '[\"http:\\/\\/127.0.0.1:8000\\/storage\\/newspic\\/1594150952.jpeg\"]', 'ssssss', '2020-07-07 13:42:32', '2020-07-15 22:23:32'),
(7, 1, 3, 'বজায় রাখা ও স্বাস্থ্যবিধি মানতে সবাই', '<p>করোনাভাইরাসে সংক্রমিত হয়ে গত ২৪ ঘণ্টায় দেশে ৫৫ জনের মৃত্যু হয়েছে। এখন পর্যন্ত মারা গেছেন ২ হাজার ১৫১ জন। আর গত ২৪ ঘণ্টায় নতুন করে ৩ হাজার ২৭ জনের করোনা শনাক্ত হয়েছে। এ পর্যন্ত ১ লাখ ৬৮ হাজার ৬৪৫ জনের করোনা শনাক্ত হলো।</p>\r\n\r\n<p>&nbsp;</p>\r\n\r\n<p>দেশে করোনাভাইরাসের সংক্রমণ পরিস্থিতি নিয়ে স্বাস্থ্য অধিদপ্তরের নিয়মিত অনলাইন ব্রিফিংয়ে আজ মঙ্গলবার এমন তথ্য জানানো হয়। ২৪ ঘণ্টায় মৃত্যু বেড়েছে ও শনাক্ত কমেছে। গতকাল সোমবার দেশে করোনায় সংক্রমিত ৩ হাজার ২০১ জন শনাক্ত হওয়ার কথা জানানো হয়েছিল। মারা গিয়েছিলেন ৪৪ জন। তবে গতকালের চেয়ে আজ কম নমুনা পরীক্ষা করা হয়েছে।</p>\r\n\r\n<p>&nbsp;</p>\r\n\r\n<p>ব্রিফিংয়ে বলা হয়, ২৪ ঘণ্টায় সুস্থ হয়েছেন ১ হাজার ৯৫৩ জন। সব মিলিয়ে সুস্থ হয়েছেন ৭৮ হাজার ১০২ জন।</p>\r\n\r\n<p>&nbsp;</p>\r\n\r\n<p>ব্রিফিংয়ের তথ্যমতে, ২৪ ঘণ্টায় ১৩ হাজার ১৭৩ জনের নমুনা পরীক্ষা করা হয়েছে। এর আগের দিন ১৪ হাজার ২৪৫ জনের নমুনা পরীক্ষা করা হয়েছিল। এ পর্যন্ত পরীক্ষা হয়েছে ৮ লাখ ৭৩ হাজার ৪৮০টি নমুনা।</p>\r\n\r\n<p>দেশে ৭৪টি ল্যাবে (পরীক্ষাগার) করোনা পরীক্ষা হচ্ছে। গত ৮ মার্চ দেশে প্রথম করোনায় সংক্রমিত ব্যক্তি শনাক্তের ঘোষণা আসে। আর ১৮ মার্চ প্রথম মৃত্যুর ঘটনা ঘটে।</p>\r\n\r\n<p>করোনার ঝুঁকি এড়াতে সামাজিক দূরত্ব বজায় রাখা ও স্বাস্থ্যবিধি মানতে সবাইকে অনুরোধ করেছেন স্বাস্থ্য অধিদপ্তরের অতিরিক্ত মহাপরিচালক (প্রশাসন) অধ্যাপক নাসিমা সুলতানা। অনলাইন ব্রিফিংয়ে তিনি বলেন, যথাযথ স্বাস্থ্যবিধি মেনে সারা দেশে টিকাদান চালু আছে। সবাই টিকা নিশ্চিত করতে কেন্দ্রে আসুন।</p>', 3, 0, '[\"http:\\/\\/127.0.0.1:8000\\/storage\\/newspic\\/1594150996.jpeg\"]', 'dddd', '2020-07-07 13:43:16', '2020-07-14 16:02:53'),
(8, 5, 3, 'আর ১৮ মার্চ প্রথম মৃত্যুর ঘটনা ঘটে', '<p>করোনাভাইরাসে সংক্রমিত হয়ে গত ২৪ ঘণ্টায় দেশে ৫৫ জনের মৃত্যু হয়েছে। এখন পর্যন্ত মারা গেছেন ২ হাজার ১৫১ জন। আর গত ২৪ ঘণ্টায় নতুন করে ৩ হাজার ২৭ জনের করোনা শনাক্ত হয়েছে। এ পর্যন্ত ১ লাখ ৬৮ হাজার ৬৪৫ জনের করোনা শনাক্ত হলো।</p>\r\n\r\n<p>&nbsp;</p>\r\n\r\n<p>দেশে করোনাভাইরাসের সংক্রমণ পরিস্থিতি নিয়ে স্বাস্থ্য অধিদপ্তরের নিয়মিত অনলাইন ব্রিফিংয়ে আজ মঙ্গলবার এমন তথ্য জানানো হয়। ২৪ ঘণ্টায় মৃত্যু বেড়েছে ও শনাক্ত কমেছে। গতকাল সোমবার দেশে করোনায় সংক্রমিত ৩ হাজার ২০১ জন শনাক্ত হওয়ার কথা জানানো হয়েছিল। মারা গিয়েছিলেন ৪৪ জন। তবে গতকালের চেয়ে আজ কম নমুনা পরীক্ষা করা হয়েছে।</p>\r\n\r\n<p>&nbsp;</p>\r\n\r\n<p>ব্রিফিংয়ে বলা হয়, ২৪ ঘণ্টায় সুস্থ হয়েছেন ১ হাজার ৯৫৩ জন। সব মিলিয়ে সুস্থ হয়েছেন ৭৮ হাজার ১০২ জন।</p>\r\n\r\n<p>&nbsp;</p>\r\n\r\n<p>ব্রিফিংয়ের তথ্যমতে, ২৪ ঘণ্টায় ১৩ হাজার ১৭৩ জনের নমুনা পরীক্ষা করা হয়েছে। এর আগের দিন ১৪ হাজার ২৪৫ জনের নমুনা পরীক্ষা করা হয়েছিল। এ পর্যন্ত পরীক্ষা হয়েছে ৮ লাখ ৭৩ হাজার ৪৮০টি নমুনা।</p>\r\n\r\n<p>দেশে ৭৪টি ল্যাবে (পরীক্ষাগার) করোনা পরীক্ষা হচ্ছে। গত ৮ মার্চ দেশে প্রথম করোনায় সংক্রমিত ব্যক্তি শনাক্তের ঘোষণা আসে। ।</p>\r\n\r\n<p>করোনার ঝুঁকি এড়াতে সামাজিক দূরত্ব বজায় রাখা ও স্বাস্থ্যবিধি মানতে সবাইকে অনুরোধ করেছেন স্বাস্থ্য অধিদপ্তরের অতিরিক্ত মহাপরিচালক (প্রশাসন) অধ্যাপক নাসিমা সুলতানা। অনলাইন ব্রিফিংয়ে তিনি বলেন, যথাযথ স্বাস্থ্যবিধি মেনে সারা দেশে টিকাদান চালু আছে। সবাই টিকা নিশ্চিত করতে কেন্দ্রে আসুন।</p>', 3, 0, '[\"http:\\/\\/127.0.0.1:8000\\/storage\\/newspic\\/1594151039.jpeg\"]', 'ssss', '2020-07-07 13:43:59', '2020-07-09 20:55:21'),
(9, 3, 3, 'ব্রিফিংয়ের তথ্যমতে, ২৪ ঘণ্টায় ১৩ হাজার ১৭৩ জনের নমুনা', '<p>করোনাভাইরাসে সংক্রমিত হয়ে গত ২৪ ঘণ্টায় দেশে ৫৫ জনের মৃত্যু হয়েছে। এখন পর্যন্ত মারা গেছেন ২ হাজার ১৫১ জন। আর গত ২৪ ঘণ্টায় নতুন করে ৩ হাজার ২৭ জনের করোনা শনাক্ত হয়েছে। এ পর্যন্ত ১ লাখ ৬৮ হাজার ৬৪৫ জনের করোনা শনাক্ত হলো।</p>\r\n\r\n<p>&nbsp;</p>\r\n\r\n<p>দেশে করোনাভাইরাসের সংক্রমণ পরিস্থিতি নিয়ে স্বাস্থ্য অধিদপ্তরের নিয়মিত অনলাইন ব্রিফিংয়ে আজ মঙ্গলবার এমন তথ্য জানানো হয়। ২৪ ঘণ্টায় মৃত্যু বেড়েছে ও শনাক্ত কমেছে। গতকাল সোমবার দেশে করোনায় সংক্রমিত ৩ হাজার ২০১ জন শনাক্ত হওয়ার কথা জানানো হয়েছিল। মারা গিয়েছিলেন ৪৪ জন। তবে গতকালের চেয়ে আজ কম নমুনা পরীক্ষা করা হয়েছে।</p>\r\n\r\n<p>&nbsp;</p>\r\n\r\n<p>ব্রিফিংয়ে বলা হয়, ২৪ ঘণ্টায় সুস্থ হয়েছেন ১ হাজার ৯৫৩ জন। সব মিলিয়ে সুস্থ হয়েছেন ৭৮ হাজার ১০২ জন।</p>\r\n\r\n<p>&nbsp;</p>\r\n\r\n<p>ব্রিফিংয়ের তথ্যমতে, ২৪ ঘণ্টায় ১৩ হাজার ১৭৩ জনের নমুনা পরীক্ষা করা হয়েছে। এর আগের দিন ১৪ হাজার ২৪৫ জনের নমুনা পরীক্ষা করা হয়েছিল। এ পর্যন্ত পরীক্ষা হয়েছে ৮ লাখ ৭৩ হাজার ৪৮০টি নমুনা।</p>\r\n\r\n<p>দেশে ৭৪টি ল্যাবে (পরীক্ষাগার) করোনা পরীক্ষা হচ্ছে। গত ৮ মার্চ দেশে প্রথম করোনায় সংক্রমিত ব্যক্তি শনাক্তের ঘোষণা আসে। আর ১৮ মার্চ প্রথম মৃত্যুর ঘটনা ঘটে।</p>\r\n\r\n<p>করোনার ঝুঁকি এড়াতে সামাজিক দূরত্ব বজায় রাখা ও স্বাস্থ্যবিধি মানতে সবাইকে অনুরোধ করেছেন স্বাস্থ্য অধিদপ্তরের অতিরিক্ত মহাপরিচালক (প্রশাসন) অধ্যাপক নাসিমা সুলতানা। অনলাইন ব্রিফিংয়ে তিনি বলেন, যথাযথ স্বাস্থ্যবিধি মেনে সারা দেশে টিকাদান চালু আছে। সবাই টিকা নিশ্চিত করতে কেন্দ্রে আসুন।</p>', 1, 0, '[\"http:\\/\\/127.0.0.1:8000\\/storage\\/newspic\\/1594151076.jpeg\"]', 'sssssd', '2020-07-07 13:44:36', '2020-07-07 19:46:09'),
(11, 4, 3, 'স্বাস্থ্যবিধি মানতে সবাইকে অনুরোধ করেছেন স্বাস্থ্য অধিদপ্তরের', '<p>করোনাভাইরাসে সংক্রমিত হয়ে গত ২৪ ঘণ্টায় দেশে ৫৫ জনের মৃত্যু হয়েছে। এখন পর্যন্ত মারা গেছেন ২ হাজার ১৫১ জন। আর গত ২৪ ঘণ্টায় নতুন করে ৩ হাজার ২৭ জনের করোনা শনাক্ত হয়েছে। এ পর্যন্ত ১ লাখ ৬৮ হাজার ৬৪৫ জনের করোনা শনাক্ত হলো।</p>\r\n\r\n<p>&nbsp;</p>\r\n\r\n<p>দেশে করোনাভাইরাসের সংক্রমণ পরিস্থিতি নিয়ে স্বাস্থ্য অধিদপ্তরের নিয়মিত অনলাইন ব্রিফিংয়ে আজ মঙ্গলবার এমন তথ্য জানানো হয়। ২৪ ঘণ্টায় মৃত্যু বেড়েছে ও শনাক্ত কমেছে। গতকাল সোমবার দেশে করোনায় সংক্রমিত ৩ হাজার ২০১ জন শনাক্ত হওয়ার কথা জানানো হয়েছিল। মারা গিয়েছিলেন ৪৪ জন। তবে গতকালের চেয়ে আজ কম নমুনা পরীক্ষা করা হয়েছে।</p>\r\n\r\n<p>&nbsp;</p>\r\n\r\n<p>ব্রিফিংয়ে বলা হয়, ২৪ ঘণ্টায় সুস্থ হয়েছেন ১ হাজার ৯৫৩ জন। সব মিলিয়ে সুস্থ হয়েছেন ৭৮ হাজার ১০২ জন।</p>\r\n\r\n<p>&nbsp;</p>\r\n\r\n<p>ব্রিফিংয়ের তথ্যমতে, ২৪ ঘণ্টায় ১৩ হাজার ১৭৩ জনের নমুনা পরীক্ষা করা হয়েছে। এর আগের দিন ১৪ হাজার ২৪৫ জনের নমুনা পরীক্ষা করা হয়েছিল। এ পর্যন্ত পরীক্ষা হয়েছে ৮ লাখ ৭৩ হাজার ৪৮০টি নমুনা।</p>\r\n\r\n<p>দেশে ৭৪টি ল্যাবে (পরীক্ষাগার) করোনা পরীক্ষা হচ্ছে। গত ৮ মার্চ দেশে প্রথম করোনায় সংক্রমিত ব্যক্তি শনাক্তের ঘোষণা আসে। আর ১৮ মার্চ প্রথম মৃত্যুর ঘটনা ঘটে।</p>\r\n\r\n<p>করোনার ঝুঁকি এড়াতে সামাজিক দূরত্ব বজায় রাখা ও স্বাস্থ্যবিধি মানতে সবাইকে অনুরোধ করেছেন স্বাস্থ্য অধিদপ্তরের অতিরিক্ত মহাপরিচালক (প্রশাসন) অধ্যাপক নাসিমা সুলতানা। অনলাইন ব্রিফিংয়ে তিনি বলেন, যথাযথ স্বাস্থ্যবিধি মেনে সারা দেশে টিকাদান চালু আছে। সবাই টিকা নিশ্চিত করতে কেন্দ্রে আসুন।</p>', 1, 0, '[\"http:\\/\\/127.0.0.1:8000\\/storage\\/newspic\\/1594151144.jpeg\"]', 'ssss', '2020-07-07 13:45:44', '2020-07-07 19:46:03'),
(12, 3, 3, 'দেশে প্রথম করোনায় সংক্রমিত ব্যক্তি শনাক্তের ঘোষণা আসে', '<p>করোনাভাইরাসে সংক্রমিত হয়ে গত ২৪ ঘণ্টায় দেশে ৫৫ জনের মৃত্যু হয়েছে। এখন পর্যন্ত মারা গেছেন ২ হাজার ১৫১ জন। আর গত ২৪ ঘণ্টায় নতুন করে ৩ হাজার ২৭ জনের করোনা শনাক্ত হয়েছে। এ পর্যন্ত ১ লাখ ৬৮ হাজার ৬৪৫ জনের করোনা শনাক্ত হলো।</p>\r\n\r\n<p>&nbsp;</p>\r\n\r\n<p>দেশে করোনাভাইরাসের সংক্রমণ পরিস্থিতি নিয়ে স্বাস্থ্য অধিদপ্তরের নিয়মিত অনলাইন ব্রিফিংয়ে আজ মঙ্গলবার এমন তথ্য জানানো হয়। ২৪ ঘণ্টায় মৃত্যু বেড়েছে ও শনাক্ত কমেছে। গতকাল সোমবার দেশে করোনায় সংক্রমিত ৩ হাজার ২০১ জন শনাক্ত হওয়ার কথা জানানো হয়েছিল। মারা গিয়েছিলেন ৪৪ জন। তবে গতকালের চেয়ে আজ কম নমুনা পরীক্ষা করা হয়েছে।</p>\r\n\r\n<p>&nbsp;</p>\r\n\r\n<p>ব্রিফিংয়ে বলা হয়, ২৪ ঘণ্টায় সুস্থ হয়েছেন ১ হাজার ৯৫৩ জন। সব মিলিয়ে সুস্থ হয়েছেন ৭৮ হাজার ১০২ জন।</p>\r\n\r\n<p>&nbsp;</p>\r\n\r\n<p>ব্রিফিংয়ের তথ্যমতে, ২৪ ঘণ্টায় ১৩ হাজার ১৭৩ জনের নমুনা পরীক্ষা করা হয়েছে। এর আগের দিন ১৪ হাজার ২৪৫ জনের নমুনা পরীক্ষা করা হয়েছিল। এ পর্যন্ত পরীক্ষা হয়েছে ৮ লাখ ৭৩ হাজার ৪৮০টি নমুনা।</p>\r\n\r\n<p>দেশে ৭৪টি ল্যাবে (পরীক্ষাগার) করোনা পরীক্ষা হচ্ছে। গত ৮ মার্চ দেশে প্রথম করোনায় সংক্রমিত ব্যক্তি শনাক্তের ঘোষণা আসে। আর ১৮ মার্চ প্রথম মৃত্যুর ঘটনা ঘটে।</p>\r\n\r\n<p>করোনার ঝুঁকি এড়াতে সামাজিক দূরত্ব বজায় রাখা ও স্বাস্থ্যবিধি মানতে সবাইকে অনুরোধ করেছেন স্বাস্থ্য অধিদপ্তরের অতিরিক্ত মহাপরিচালক (প্রশাসন) অধ্যাপক নাসিমা সুলতানা। অনলাইন ব্রিফিংয়ে তিনি বলেন, যথাযথ স্বাস্থ্যবিধি মেনে সারা দেশে টিকাদান চালু আছে। সবাই টিকা নিশ্চিত করতে কেন্দ্রে আসুন।</p>', 0, 0, '[\"http:\\/\\/127.0.0.1:8000\\/storage\\/newspic\\/1594151353.jpeg\"]', 'aaaa', '2020-07-07 13:49:13', '2020-07-07 13:49:13'),
(13, 3, 3, 'টিকাদান চালু আছে। সবাই টিকা নিশ্চিত করতে কেন্দ্রে আসুন।', '<p>&nbsp;</p>\r\n\r\n<p>করোনাভাইরাসে সংক্রমিত হয়ে গত ২৪ ঘণ্টায় দেশে ৫৫ জনের মৃত্যু হয়েছে। এখন পর্যন্ত মারা গেছেন ২ হাজার ১৫১ জন। আর গত ২৪ ঘণ্টায় নতুন করে ৩ হাজার ২৭ জনের করোনা শনাক্ত হয়েছে। এ পর্যন্ত ১ লাখ ৬৮ হাজার ৬৪৫ জনের করোনা শনাক্ত হলো।</p>\r\n\r\n<p>&nbsp;</p>\r\n\r\n<p>দেশে করোনাভাইরাসের সংক্রমণ পরিস্থিতি নিয়ে স্বাস্থ্য অধিদপ্তরের নিয়মিত অনলাইন ব্রিফিংয়ে আজ মঙ্গলবার এমন তথ্য জানানো হয়। ২৪ ঘণ্টায় মৃত্যু বেড়েছে ও শনাক্ত কমেছে। গতকাল সোমবার দেশে করোনায় সংক্রমিত ৩ হাজার ২০১ জন শনাক্ত হওয়ার কথা জানানো হয়েছিল। মারা গিয়েছিলেন ৪৪ জন। তবে গতকালের চেয়ে আজ কম নমুনা পরীক্ষা করা হয়েছে।</p>\r\n\r\n<p>&nbsp;</p>\r\n\r\n<p>ব্রিফিংয়ে বলা হয়, ২৪ ঘণ্টায় সুস্থ হয়েছেন ১ হাজার ৯৫৩ জন। সব মিলিয়ে সুস্থ হয়েছেন ৭৮ হাজার ১০২ জন।</p>\r\n\r\n<p>&nbsp;</p>\r\n\r\n<p>ব্রিফিংয়ের তথ্যমতে, ২৪ ঘণ্টায় ১৩ হাজার ১৭৩ জনের নমুনা পরীক্ষা করা হয়েছে। এর আগের দিন ১৪ হাজার ২৪৫ জনের নমুনা পরীক্ষা করা হয়েছিল। এ পর্যন্ত পরীক্ষা হয়েছে ৮ লাখ ৭৩ হাজার ৪৮০টি নমুনা।</p>\r\n\r\n<p>দেশে ৭৪টি ল্যাবে (পরীক্ষাগার) করোনা পরীক্ষা হচ্ছে। গত ৮ মার্চ দেশে প্রথম করোনায় সংক্রমিত ব্যক্তি শনাক্তের ঘোষণা আসে। আর ১৮ মার্চ প্রথম মৃত্যুর ঘটনা ঘটে।</p>\r\n\r\n<p>করোনার ঝুঁকি এড়াতে সামাজিক দূরত্ব বজায় রাখা ও স্বাস্থ্যবিধি মানতে সবাইকে অনুরোধ করেছেন স্বাস্থ্য অধিদপ্তরের অতিরিক্ত মহাপরিচালক (প্রশাসন) অধ্যাপক নাসিমা সুলতানা। অনলাইন ব্রিফিংয়ে তিনি বলেন, যথাযথ স্বাস্থ্যবিধি মেনে সারা দেশে টিকাদান চালু আছে। সবাই টিকা নিশ্চিত করতে কেন্দ্রে আসুন।</p>', 1, 0, '[\"http:\\/\\/127.0.0.1:8000\\/storage\\/newspic\\/1594151376.jpeg\"]', 'vvvv', '2020-07-07 13:49:36', '2020-07-07 21:36:11'),
(14, 5, 3, 'সংক্রমিত ব্যক্তি শনাক্তের ঘোষণা আসে। আর ১৮ মার্চ প্রথম মৃত্যুর ঘটনা ঘটে।', '<p>করোনাভাইরাসে সংক্রমিত হয়ে গত ২৪ ঘণ্টায় দেশে ৫৫ জনের মৃত্যু হয়েছে। এখন পর্যন্ত মারা গেছেন ২ হাজার ১৫১ জন। আর গত ২৪ ঘণ্টায় নতুন করে ৩ হাজার ২৭ জনের করোনা শনাক্ত হয়েছে। এ পর্যন্ত ১ লাখ ৬৮ হাজার ৬৪৫ জনের করোনা শনাক্ত হলো।</p>\r\n\r\n<p>&nbsp;</p>\r\n\r\n<p>দেশে করোনাভাইরাসের সংক্রমণ পরিস্থিতি নিয়ে স্বাস্থ্য অধিদপ্তরের নিয়মিত অনলাইন ব্রিফিংয়ে আজ মঙ্গলবার এমন তথ্য জানানো হয়। ২৪ ঘণ্টায় মৃত্যু বেড়েছে ও শনাক্ত কমেছে। গতকাল সোমবার দেশে করোনায় সংক্রমিত ৩ হাজার ২০১ জন শনাক্ত হওয়ার কথা জানানো হয়েছিল। মারা গিয়েছিলেন ৪৪ জন। তবে গতকালের চেয়ে আজ কম নমুনা পরীক্ষা করা হয়েছে।</p>\r\n\r\n<p>&nbsp;</p>\r\n\r\n<p>ব্রিফিংয়ে বলা হয়, ২৪ ঘণ্টায় সুস্থ হয়েছেন ১ হাজার ৯৫৩ জন। সব মিলিয়ে সুস্থ হয়েছেন ৭৮ হাজার ১০২ জন।</p>\r\n\r\n<p>&nbsp;</p>\r\n\r\n<p>ব্রিফিংয়ের তথ্যমতে, ২৪ ঘণ্টায় ১৩ হাজার ১৭৩ জনের নমুনা পরীক্ষা করা হয়েছে। এর আগের দিন ১৪ হাজার ২৪৫ জনের নমুনা পরীক্ষা করা হয়েছিল। এ পর্যন্ত পরীক্ষা হয়েছে ৮ লাখ ৭৩ হাজার ৪৮০টি নমুনা।</p>\r\n\r\n<p>দেশে ৭৪টি ল্যাবে (পরীক্ষাগার) করোনা পরীক্ষা হচ্ছে। গত ৮ মার্চ দেশে প্রথম করোনায় সংক্রমিত ব্যক্তি শনাক্তের ঘোষণা আসে। আর ১৮ মার্চ প্রথম মৃত্যুর ঘটনা ঘটে।</p>\r\n\r\n<p>করোনার ঝুঁকি এড়াতে সামাজিক দূরত্ব বজায় রাখা ও স্বাস্থ্যবিধি মানতে সবাইকে অনুরোধ করেছেন স্বাস্থ্য অধিদপ্তরের অতিরিক্ত মহাপরিচালক (প্রশাসন) অধ্যাপক নাসিমা সুলতানা। অনলাইন ব্রিফিংয়ে তিনি বলেন, যথাযথ স্বাস্থ্যবিধি মেনে সারা দেশে টিকাদান চালু আছে। সবাই টিকা নিশ্চিত করতে কেন্দ্রে আসুন।</p>', 8, 0, '[\"http:\\/\\/127.0.0.1:8000\\/storage\\/newspic\\/1594151479.jpeg\"]', 'sdsdsds', '2020-07-07 13:51:19', '2020-07-07 13:51:19'),
(15, 4, 3, 'সংক্রমণ পরিস্থিতি নিয়ে স্বাস্থ্য অধিদপ্তরের নিয়মিত অনলাইন ব্রিফিংয়ে আজ মঙ্গলবার', '<p>করোনাভাইরাসে সংক্রমিত হয়ে গত ২৪ ঘণ্টায় দেশে ৫৫ জনের মৃত্যু হয়েছে। এখন পর্যন্ত মারা গেছেন ২ হাজার ১৫১ জন। আর গত ২৪ ঘণ্টায় নতুন করে ৩ হাজার ২৭ জনের করোনা শনাক্ত হয়েছে। এ পর্যন্ত ১ লাখ ৬৮ হাজার ৬৪৫ জনের করোনা শনাক্ত হলো।</p>\r\n\r\n<p>&nbsp;</p>\r\n\r\n<p>দেশে করোনাভাইরাসের সংক্রমণ পরিস্থিতি নিয়ে স্বাস্থ্য অধিদপ্তরের নিয়মিত অনলাইন ব্রিফিংয়ে আজ মঙ্গলবার এমন তথ্য জানানো হয়। ২৪ ঘণ্টায় মৃত্যু বেড়েছে ও শনাক্ত কমেছে। গতকাল সোমবার দেশে করোনায় সংক্রমিত ৩ হাজার ২০১ জন শনাক্ত হওয়ার কথা জানানো হয়েছিল। মারা গিয়েছিলেন ৪৪ জন। তবে গতকালের চেয়ে আজ কম নমুনা পরীক্ষা করা হয়েছে।</p>\r\n\r\n<p>&nbsp;</p>\r\n\r\n<p>ব্রিফিংয়ে বলা হয়, ২৪ ঘণ্টায় সুস্থ হয়েছেন ১ হাজার ৯৫৩ জন। সব মিলিয়ে সুস্থ হয়েছেন ৭৮ হাজার ১০২ জন।</p>\r\n\r\n<p>&nbsp;</p>\r\n\r\n<p>ব্রিফিংয়ের তথ্যমতে, ২৪ ঘণ্টায় ১৩ হাজার ১৭৩ জনের নমুনা পরীক্ষা করা হয়েছে। এর আগের দিন ১৪ হাজার ২৪৫ জনের নমুনা পরীক্ষা করা হয়েছিল। এ পর্যন্ত পরীক্ষা হয়েছে ৮ লাখ ৭৩ হাজার ৪৮০টি নমুনা।</p>\r\n\r\n<p>দেশে ৭৪টি ল্যাবে (পরীক্ষাগার) করোনা পরীক্ষা হচ্ছে। গত ৮ মার্চ দেশে প্রথম করোনায় সংক্রমিত ব্যক্তি শনাক্তের ঘোষণা আসে। আর ১৮ মার্চ প্রথম মৃত্যুর ঘটনা ঘটে।</p>\r\n\r\n<p>করোনার ঝুঁকি এড়াতে সামাজিক দূরত্ব বজায় রাখা ও স্বাস্থ্যবিধি মানতে সবাইকে অনুরোধ করেছেন স্বাস্থ্য অধিদপ্তরের অতিরিক্ত মহাপরিচালক (প্রশাসন) অধ্যাপক নাসিমা সুলতানা। অনলাইন ব্রিফিংয়ে তিনি বলেন, যথাযথ স্বাস্থ্যবিধি মেনে সারা দেশে টিকাদান চালু আছে। সবাই টিকা নিশ্চিত করতে কেন্দ্রে আসুন।</p>', 1, 0, '[\"http:\\/\\/127.0.0.1:8000\\/storage\\/newspic\\/1594151514.jpeg\"]', 'wwww', '2020-07-07 13:51:54', '2020-07-07 23:52:16'),
(16, 4, 1, 'নারায়ণগঞ্জে কোভিডে আরও দুজনের মৃত্যু, নতুন আক্রান্ত ৪২', '<p>নারায়ণগঞ্জে কোভিড-১৯ রোগে আক্রান্ত আরও দুজনের মৃত্যু হয়েছে। এ নিয়ে এ রোগে ২ জন চিকিৎসক, জ্যেষ্ঠ নার্সসহ ১১৯ জনের মৃত্যু হলো। জেলায় নতুন করে আরও ৪২ জনের শরীরে করোনাভাইরাস শনাক্ত হয়েছে। এ নিয়ে জেলায় আক্রান্তের সংখ্যা ৫ হাজার ৩৮৫। মঙ্গলবার বিকেলে জেলা সিভিল সার্জন কার্যালয় থেকে এ তথ্য জানানো হয়েছে।</p>\r\n\r\n<p>&nbsp;</p>\r\n\r\n<p>নারায়ণগঞ্জ সদর উপজেলা স্বাস্থ্য কর্মকর্তা জাহিদুল ইসলাম প্রথম আলোকে বলেন, কোভিড-১৯ রোগে আক্রান্ত আরও দুজনের মৃত্যু হয়েছে। তাঁরা হলেন শহরের আমলাপাড়া এলাকার ৫৫ বছরের সমির কুমার সাহা ও সিদ্ধিরগঞ্জের মিজমিজি এলাকার ৬৮ বছরের ওয়াহিদ মিয়া। শহরের খানপুরে অবস্থিত ৩০০ শয্যা করোনা ডেডিকেটেড হাসপাতালে সোমবার বিকেলে ও রাতে চিকিৎসাধীন অবস্থায় তাঁদের মৃত্যু হয়েছে। গত ২৪ ঘণ্টায় নমুনা পরীক্ষা করা হয়েছে ৩৪১ জনের। নতুন করে করোনা শনাক্ত হয়েছে ৪২ জনের। আক্রান্ত হওয়ার পর আইসোলেশনে মোট সুস্থ হয়েছেন ৪ হাজার ৪ জন। নমুনা পরীক্ষা করা হয়েছে ২৬ হাজার ৭৭১ জনের।</p>\r\n\r\n<p>&nbsp;</p>\r\n\r\n<p>&nbsp;</p>\r\n\r\n<p>জেলা স্বাস্থ্য বিভাগ সূত্রে জানা গেছে, সিটি করপোরেশন এলাকায় কোভিড-১৯ রোগে আক্রান্ত হয়ে মৃত্যু হয়েছে ৬৪ জনের, আক্রান্ত হয়েছেন ১ হাজার ৮৮৯ জন, নমুনা সংগ্রহ করা হয়েছে ৮ হাজার ৫৯ জনের। আইসোলেশনে থেকে সুস্থ হয়েছেন ১ হাজার ৪১৪ জন।</p>\r\n\r\n<p>&nbsp;</p>\r\n\r\n<p>সদর উপজেলায় মৃত্যু হয়েছে ২২ জনের, আক্রান্ত হয়েছেন ১ হাজার ২৭৭ জন, সুস্থ হয়েছেন ১ হাজার ৩১ জন। বন্দর উপজেলায় মৃত্যু হয়েছে ৩ জনের, আক্রান্ত হয়েছেন ১৯৬ জন, সুস্থ হয়েছেন ১২১ জন। আড়াইহাজারে মৃত্যু হয়েছে ৪ জনের, আক্রান্ত হয়েছেন ৫১১ জন এবং সুস্থ হয়েছেন ৪০২ জন। রূপগঞ্জ উপজেলায় ১০ জনের মৃত্যু হয়েছে। আক্রান্ত হয়েছেন ১ হাজার ৪০ জন। আইসোলেশনে সুস্থ হয়েছেন ৭০১ জন। সোনারগাঁয়ে মৃত্যু হয়েছে ১৬ জনের, আক্রান্ত হয়েছেন ৪৭২ জন এবং সুস্থ হয়েছেন ৩৩৫ জন।</p>\r\n\r\n<p>&nbsp;</p>\r\n\r\n<p>গত ৭ এপ্রিল করোনাভাইরাস সংক্রমণের ক্ষেত্রে নারায়ণগঞ্জকে অতি ঝুঁকিপূর্ণ জেলা হিসেবে চিহ্নিত করে আইইডিসিআর।</p>', 0, 0, '[\"http:\\/\\/127.0.0.1:8000\\/storage\\/newspic\\/1594209384.jpeg\"]', 'hhhhh', '2020-07-08 05:56:25', '2020-07-08 05:56:25'),
(17, 5, 1, 'এ নিয়ে জেলায় আক্রান্তের সংখ্যা ৫ হাজার ৩৮৫', '<p>নারায়ণগঞ্জে কোভিড-১৯ রোগে আক্রান্ত আরও দুজনের মৃত্যু হয়েছে। এ নিয়ে এ রোগে ২ জন চিকিৎসক, জ্যেষ্ঠ নার্সসহ ১১৯ জনের মৃত্যু হলো। জেলায় নতুন করে আরও ৪২ জনের শরীরে করোনাভাইরাস শনাক্ত হয়েছে। এ নিয়ে জেলায় আক্রান্তের সংখ্যা ৫ হাজার ৩৮৫। মঙ্গলবার বিকেলে জেলা সিভিল সার্জন কার্যালয় থেকে এ তথ্য জানানো হয়েছে।</p>\r\n\r\n<p>&nbsp;</p>\r\n\r\n<p>নারায়ণগঞ্জ সদর উপজেলা স্বাস্থ্য কর্মকর্তা জাহিদুল ইসলাম প্রথম আলোকে বলেন, কোভিড-১৯ রোগে আক্রান্ত আরও দুজনের মৃত্যু হয়েছে। তাঁরা হলেন শহরের আমলাপাড়া এলাকার ৫৫ বছরের সমির কুমার সাহা ও সিদ্ধিরগঞ্জের মিজমিজি এলাকার ৬৮ বছরের ওয়াহিদ মিয়া। শহরের খানপুরে অবস্থিত ৩০০ শয্যা করোনা ডেডিকেটেড হাসপাতালে সোমবার বিকেলে ও রাতে চিকিৎসাধীন অবস্থায় তাঁদের মৃত্যু হয়েছে। গত ২৪ ঘণ্টায় নমুনা পরীক্ষা করা হয়েছে ৩৪১ জনের। নতুন করে করোনা শনাক্ত হয়েছে ৪২ জনের। আক্রান্ত হওয়ার পর আইসোলেশনে মোট সুস্থ হয়েছেন ৪ হাজার ৪ জন। নমুনা পরীক্ষা করা হয়েছে ২৬ হাজার ৭৭১ জনের।</p>\r\n\r\n<p>&nbsp;</p>\r\n\r\n<p>&nbsp;</p>\r\n\r\n<p>জেলা স্বাস্থ্য বিভাগ সূত্রে জানা গেছে, সিটি করপোরেশন এলাকায় কোভিড-১৯ রোগে আক্রান্ত হয়ে মৃত্যু হয়েছে ৬৪ জনের, আক্রান্ত হয়েছেন ১ হাজার ৮৮৯ জন, নমুনা সংগ্রহ করা হয়েছে ৮ হাজার ৫৯ জনের। আইসোলেশনে থেকে সুস্থ হয়েছেন ১ হাজার ৪১৪ জন।</p>\r\n\r\n<p>&nbsp;</p>\r\n\r\n<p>সদর উপজেলায় মৃত্যু হয়েছে ২২ জনের, আক্রান্ত হয়েছেন ১ হাজার ২৭৭ জন, সুস্থ হয়েছেন ১ হাজার ৩১ জন। বন্দর উপজেলায় মৃত্যু হয়েছে ৩ জনের, আক্রান্ত হয়েছেন ১৯৬ জন, সুস্থ হয়েছেন ১২১ জন। আড়াইহাজারে মৃত্যু হয়েছে ৪ জনের, আক্রান্ত হয়েছেন ৫১১ জন এবং সুস্থ হয়েছেন ৪০২ জন। রূপগঞ্জ উপজেলায় ১০ জনের মৃত্যু হয়েছে। আক্রান্ত হয়েছেন ১ হাজার ৪০ জন। আইসোলেশনে সুস্থ হয়েছেন ৭০১ জন। সোনারগাঁয়ে মৃত্যু হয়েছে ১৬ জনের, আক্রান্ত হয়েছেন ৪৭২ জন এবং সুস্থ হয়েছেন ৩৩৫ জন।</p>\r\n\r\n<p>&nbsp;</p>\r\n\r\n<p>গত ৭ এপ্রিল করোনাভাইরাস সংক্রমণের ক্ষেত্রে নারায়ণগঞ্জকে অতি ঝুঁকিপূর্ণ জেলা হিসেবে চিহ্নিত করে আইইডিসিআর।</p>', 0, 0, '[\"http:\\/\\/127.0.0.1:8000\\/storage\\/newspic\\/1594209420.jpeg\",\"http:\\/\\/127.0.0.1:8000\\/storage\\/newspic\\/1594209420.jpeg\",\"http:\\/\\/127.0.0.1:8000\\/storage\\/newspic\\/1594209420.jpeg\"]', 'sssss', '2020-07-08 05:57:00', '2020-07-08 05:57:00'),
(18, 5, 1, 'রূপগঞ্জ উপজেলায় ১০ জনের মৃত্যু', '<p>নারায়ণগঞ্জে কোভিড-১৯ রোগে আক্রান্ত আরও দুজনের মৃত্যু হয়েছে। এ নিয়ে এ রোগে ২ জন চিকিৎসক, জ্যেষ্ঠ নার্সসহ ১১৯ জনের মৃত্যু হলো। জেলায় নতুন করে আরও ৪২ জনের শরীরে করোনাভাইরাস শনাক্ত হয়েছে। এ নিয়ে জেলায় আক্রান্তের সংখ্যা ৫ হাজার ৩৮৫। মঙ্গলবার বিকেলে জেলা সিভিল সার্জন কার্যালয় থেকে এ তথ্য জানানো হয়েছে।</p>\r\n\r\n<p>&nbsp;</p>\r\n\r\n<p>নারায়ণগঞ্জ সদর উপজেলা স্বাস্থ্য কর্মকর্তা জাহিদুল ইসলাম প্রথম আলোকে বলেন, কোভিড-১৯ রোগে আক্রান্ত আরও দুজনের মৃত্যু হয়েছে। তাঁরা হলেন শহরের আমলাপাড়া এলাকার ৫৫ বছরের সমির কুমার সাহা ও সিদ্ধিরগঞ্জের মিজমিজি এলাকার ৬৮ বছরের ওয়াহিদ মিয়া। শহরের খানপুরে অবস্থিত ৩০০ শয্যা করোনা ডেডিকেটেড হাসপাতালে সোমবার বিকেলে ও রাতে চিকিৎসাধীন অবস্থায় তাঁদের মৃত্যু হয়েছে। গত ২৪ ঘণ্টায় নমুনা পরীক্ষা করা হয়েছে ৩৪১ জনের। নতুন করে করোনা শনাক্ত হয়েছে ৪২ জনের। আক্রান্ত হওয়ার পর আইসোলেশনে মোট সুস্থ হয়েছেন ৪ হাজার ৪ জন। নমুনা পরীক্ষা করা হয়েছে ২৬ হাজার ৭৭১ জনের।</p>\r\n\r\n<p>&nbsp;</p>\r\n\r\n<p>&nbsp;</p>\r\n\r\n<p>জেলা স্বাস্থ্য বিভাগ সূত্রে জানা গেছে, সিটি করপোরেশন এলাকায় কোভিড-১৯ রোগে আক্রান্ত হয়ে মৃত্যু হয়েছে ৬৪ জনের, আক্রান্ত হয়েছেন ১ হাজার ৮৮৯ জন, নমুনা সংগ্রহ করা হয়েছে ৮ হাজার ৫৯ জনের। আইসোলেশনে থেকে সুস্থ হয়েছেন ১ হাজার ৪১৪ জন।</p>\r\n\r\n<p>&nbsp;</p>\r\n\r\n<p>সদর উপজেলায় মৃত্যু হয়েছে ২২ জনের, আক্রান্ত হয়েছেন ১ হাজার ২৭৭ জন, সুস্থ হয়েছেন ১ হাজার ৩১ জন। বন্দর উপজেলায় মৃত্যু হয়েছে ৩ জনের, আক্রান্ত হয়েছেন ১৯৬ জন, সুস্থ হয়েছেন ১২১ জন। আড়াইহাজারে মৃত্যু হয়েছে ৪ জনের, আক্রান্ত হয়েছেন ৫১১ জন এবং সুস্থ হয়েছেন ৪০২ জন। রূপগঞ্জ উপজেলায় ১০ জনের মৃত্যু হয়েছে। আক্রান্ত হয়েছেন ১ হাজার ৪০ জন। আইসোলেশনে সুস্থ হয়েছেন ৭০১ জন। সোনারগাঁয়ে মৃত্যু হয়েছে ১৬ জনের, আক্রান্ত হয়েছেন ৪৭২ জন এবং সুস্থ হয়েছেন ৩৩৫ জন।</p>\r\n\r\n<p>&nbsp;</p>\r\n\r\n<p>গত ৭ এপ্রিল করোনাভাইরাস সংক্রমণের ক্ষেত্রে নারায়ণগঞ্জকে অতি ঝুঁকিপূর্ণ জেলা হিসেবে চিহ্নিত করে আইইডিসিআর।</p>', 0, 0, '[\"http:\\/\\/127.0.0.1:8000\\/storage\\/newspic\\/1594209461.jpeg\",\"http:\\/\\/127.0.0.1:8000\\/storage\\/newspic\\/1594209461.jpeg\",\"http:\\/\\/127.0.0.1:8000\\/storage\\/newspic\\/1594209461.jpeg\"]', 'ssss', '2020-07-08 05:57:41', '2020-07-08 05:57:41'),
(19, 5, 1, 'এ নিয়ে জেলায় আক্রান্তের সংখ্যা ৫ হাজার ৩৮৫', '<p>নারায়ণগঞ্জে কোভিড-১৯ রোগে আক্রান্ত আরও দুজনের মৃত্যু হয়েছে। এ নিয়ে এ রোগে ২ জন চিকিৎসক, জ্যেষ্ঠ নার্সসহ ১১৯ জনের মৃত্যু হলো। জেলায় নতুন করে আরও ৪২ জনের শরীরে করোনাভাইরাস শনাক্ত হয়েছে। এ নিয়ে জেলায় আক্রান্তের সংখ্যা ৫ হাজার ৩৮৫। মঙ্গলবার বিকেলে জেলা সিভিল সার্জন কার্যালয় থেকে এ তথ্য জানানো হয়েছে।</p>\r\n\r\n<p>&nbsp;</p>\r\n\r\n<p>নারায়ণগঞ্জ সদর উপজেলা স্বাস্থ্য কর্মকর্তা জাহিদুল ইসলাম প্রথম আলোকে বলেন, কোভিড-১৯ রোগে আক্রান্ত আরও দুজনের মৃত্যু হয়েছে। তাঁরা হলেন শহরের আমলাপাড়া এলাকার ৫৫ বছরের সমির কুমার সাহা ও সিদ্ধিরগঞ্জের মিজমিজি এলাকার ৬৮ বছরের ওয়াহিদ মিয়া। শহরের খানপুরে অবস্থিত ৩০০ শয্যা করোনা ডেডিকেটেড হাসপাতালে সোমবার বিকেলে ও রাতে চিকিৎসাধীন অবস্থায় তাঁদের মৃত্যু হয়েছে। গত ২৪ ঘণ্টায় নমুনা পরীক্ষা করা হয়েছে ৩৪১ জনের। নতুন করে করোনা শনাক্ত হয়েছে ৪২ জনের। আক্রান্ত হওয়ার পর আইসোলেশনে মোট সুস্থ হয়েছেন ৪ হাজার ৪ জন। নমুনা পরীক্ষা করা হয়েছে ২৬ হাজার ৭৭১ জনের।</p>\r\n\r\n<p>&nbsp;</p>\r\n\r\n<p>&nbsp;</p>\r\n\r\n<p>জেলা স্বাস্থ্য বিভাগ সূত্রে জানা গেছে, সিটি করপোরেশন এলাকায় কোভিড-১৯ রোগে আক্রান্ত হয়ে মৃত্যু হয়েছে ৬৪ জনের, আক্রান্ত হয়েছেন ১ হাজার ৮৮৯ জন, নমুনা সংগ্রহ করা হয়েছে ৮ হাজার ৫৯ জনের। আইসোলেশনে থেকে সুস্থ হয়েছেন ১ হাজার ৪১৪ জন।</p>\r\n\r\n<p>&nbsp;</p>\r\n\r\n<p>সদর উপজেলায় মৃত্যু হয়েছে ২২ জনের, আক্রান্ত হয়েছেন ১ হাজার ২৭৭ জন, সুস্থ হয়েছেন ১ হাজার ৩১ জন। বন্দর উপজেলায় মৃত্যু হয়েছে ৩ জনের, আক্রান্ত হয়েছেন ১৯৬ জন, সুস্থ হয়েছেন ১২১ জন। আড়াইহাজারে মৃত্যু হয়েছে ৪ জনের, আক্রান্ত হয়েছেন ৫১১ জন এবং সুস্থ হয়েছেন ৪০২ জন। রূপগঞ্জ উপজেলায় ১০ জনের মৃত্যু হয়েছে। আক্রান্ত হয়েছেন ১ হাজার ৪০ জন। আইসোলেশনে সুস্থ হয়েছেন ৭০১ জন। সোনারগাঁয়ে মৃত্যু হয়েছে ১৬ জনের, আক্রান্ত হয়েছেন ৪৭২ জন এবং সুস্থ হয়েছেন ৩৩৫ জন।</p>\r\n\r\n<p>&nbsp;</p>\r\n\r\n<p>গত ৭ এপ্রিল করোনাভাইরাস সংক্রমণের ক্ষেত্রে নারায়ণগঞ্জকে অতি ঝুঁকিপূর্ণ জেলা হিসেবে চিহ্নিত করে আইইডিসিআর।</p>', 1, 0, '[\"http:\\/\\/127.0.0.1:8000\\/storage\\/newspic\\/1594209508.jpeg\",\"http:\\/\\/127.0.0.1:8000\\/storage\\/newspic\\/1594209508.jpeg\"]', 'ssss', '2020-07-08 05:58:28', '2020-07-08 22:20:09'),
(20, 2, 1, 'মৃত্যু হয়েছে ৪ জনের, আক্রান্ত হয়েছেন ৫১১ জন', '<p>নারায়ণগঞ্জে কোভিড-১৯ রোগে আক্রান্ত আরও দুজনের মৃত্যু হয়েছে। এ নিয়ে এ রোগে ২ জন চিকিৎসক, জ্যেষ্ঠ নার্সসহ ১১৯ জনের মৃত্যু হলো। জেলায় নতুন করে আরও ৪২ জনের শরীরে করোনাভাইরাস শনাক্ত হয়েছে। এ নিয়ে জেলায় আক্রান্তের সংখ্যা ৫ হাজার ৩৮৫। মঙ্গলবার বিকেলে জেলা সিভিল সার্জন কার্যালয় থেকে এ তথ্য জানানো হয়েছে।</p>\r\n\r\n<p>&nbsp;</p>\r\n\r\n<p>নারায়ণগঞ্জ সদর উপজেলা স্বাস্থ্য কর্মকর্তা জাহিদুল ইসলাম প্রথম আলোকে বলেন, কোভিড-১৯ রোগে আক্রান্ত আরও দুজনের মৃত্যু হয়েছে। তাঁরা হলেন শহরের আমলাপাড়া এলাকার ৫৫ বছরের সমির কুমার সাহা ও সিদ্ধিরগঞ্জের মিজমিজি এলাকার ৬৮ বছরের ওয়াহিদ মিয়া। শহরের খানপুরে অবস্থিত ৩০০ শয্যা করোনা ডেডিকেটেড হাসপাতালে সোমবার বিকেলে ও রাতে চিকিৎসাধীন অবস্থায় তাঁদের মৃত্যু হয়েছে। গত ২৪ ঘণ্টায় নমুনা পরীক্ষা করা হয়েছে ৩৪১ জনের। নতুন করে করোনা শনাক্ত হয়েছে ৪২ জনের। আক্রান্ত হওয়ার পর আইসোলেশনে মোট সুস্থ হয়েছেন ৪ হাজার ৪ জন। নমুনা পরীক্ষা করা হয়েছে ২৬ হাজার ৭৭১ জনের।</p>\r\n\r\n<p>&nbsp;</p>\r\n\r\n<p>&nbsp;</p>\r\n\r\n<p>জেলা স্বাস্থ্য বিভাগ সূত্রে জানা গেছে, সিটি করপোরেশন এলাকায় কোভিড-১৯ রোগে আক্রান্ত হয়ে মৃত্যু হয়েছে ৬৪ জনের, আক্রান্ত হয়েছেন ১ হাজার ৮৮৯ জন, নমুনা সংগ্রহ করা হয়েছে ৮ হাজার ৫৯ জনের। আইসোলেশনে থেকে সুস্থ হয়েছেন ১ হাজার ৪১৪ জন।</p>\r\n\r\n<p>&nbsp;</p>\r\n\r\n<p>সদর উপজেলায় মৃত্যু হয়েছে ২২ জনের, আক্রান্ত হয়েছেন ১ হাজার ২৭৭ জন, সুস্থ হয়েছেন ১ হাজার ৩১ জন। বন্দর উপজেলায় মৃত্যু হয়েছে ৩ জনের, আক্রান্ত হয়েছেন ১৯৬ জন, সুস্থ হয়েছেন ১২১ জন। আড়াইহাজারে মৃত্যু হয়েছে ৪ জনের, আক্রান্ত হয়েছেন ৫১১ জন এবং সুস্থ হয়েছেন ৪০২ জন। রূপগঞ্জ উপজেলায় ১০ জনের মৃত্যু হয়েছে। আক্রান্ত হয়েছেন ১ হাজার ৪০ জন। আইসোলেশনে সুস্থ হয়েছেন ৭০১ জন। সোনারগাঁয়ে মৃত্যু হয়েছে ১৬ জনের, আক্রান্ত হয়েছেন ৪৭২ জন এবং সুস্থ হয়েছেন ৩৩৫ জন।</p>\r\n\r\n<p>&nbsp;</p>\r\n\r\n<p>গত ৭ এপ্রিল করোনাভাইরাস সংক্রমণের ক্ষেত্রে নারায়ণগঞ্জকে অতি ঝুঁকিপূর্ণ জেলা হিসেবে চিহ্নিত করে আইইডিসিআর।</p>', 7, 0, '[\"http:\\/\\/127.0.0.1:8000\\/storage\\/newspic\\/1594209536.jpeg\",\"http:\\/\\/127.0.0.1:8000\\/storage\\/newspic\\/1594209536.jpeg\"]', 'sssssadd', '2020-07-08 05:58:56', '2020-07-15 22:23:23'),
(21, 2, 1, 'নমুনা পরীক্ষা করা হয়েছে ২৬ হাজার ৭৭১ জনের।', '<p>নারায়ণগঞ্জে কোভিড-১৯ রোগে আক্রান্ত আরও দুজনের মৃত্যু হয়েছে। এ নিয়ে এ রোগে ২ জন চিকিৎসক, জ্যেষ্ঠ নার্সসহ ১১৯ জনের মৃত্যু হলো। জেলায় নতুন করে আরও ৪২ জনের শরীরে করোনাভাইরাস শনাক্ত হয়েছে। এ নিয়ে জেলায় আক্রান্তের সংখ্যা ৫ হাজার ৩৮৫। মঙ্গলবার বিকেলে জেলা সিভিল সার্জন কার্যালয় থেকে এ তথ্য জানানো হয়েছে।</p>\r\n\r\n<p>&nbsp;</p>\r\n\r\n<p>নারায়ণগঞ্জ সদর উপজেলা স্বাস্থ্য কর্মকর্তা জাহিদুল ইসলাম প্রথম আলোকে বলেন, কোভিড-১৯ রোগে আক্রান্ত আরও দুজনের মৃত্যু হয়েছে। তাঁরা হলেন শহরের আমলাপাড়া এলাকার ৫৫ বছরের সমির কুমার সাহা ও সিদ্ধিরগঞ্জের মিজমিজি এলাকার ৬৮ বছরের ওয়াহিদ মিয়া। শহরের খানপুরে অবস্থিত ৩০০ শয্যা করোনা ডেডিকেটেড হাসপাতালে সোমবার বিকেলে ও রাতে চিকিৎসাধীন অবস্থায় তাঁদের মৃত্যু হয়েছে। গত ২৪ ঘণ্টায় নমুনা পরীক্ষা করা হয়েছে ৩৪১ জনের। নতুন করে করোনা শনাক্ত হয়েছে ৪২ জনের। আক্রান্ত হওয়ার পর আইসোলেশনে মোট সুস্থ হয়েছেন ৪ হাজার ৪ জন। নমুনা পরীক্ষা করা হয়েছে ২৬ হাজার ৭৭১ জনের।</p>\r\n\r\n<p>&nbsp;</p>\r\n\r\n<p>&nbsp;</p>\r\n\r\n<p>জেলা স্বাস্থ্য বিভাগ সূত্রে জানা গেছে, সিটি করপোরেশন এলাকায় কোভিড-১৯ রোগে আক্রান্ত হয়ে মৃত্যু হয়েছে ৬৪ জনের, আক্রান্ত হয়েছেন ১ হাজার ৮৮৯ জন, নমুনা সংগ্রহ করা হয়েছে ৮ হাজার ৫৯ জনের। আইসোলেশনে থেকে সুস্থ হয়েছেন ১ হাজার ৪১৪ জন।</p>\r\n\r\n<p>&nbsp;</p>\r\n\r\n<p>সদর উপজেলায় মৃত্যু হয়েছে ২২ জনের, আক্রান্ত হয়েছেন ১ হাজার ২৭৭ জন, সুস্থ হয়েছেন ১ হাজার ৩১ জন। বন্দর উপজেলায় মৃত্যু হয়েছে ৩ জনের, আক্রান্ত হয়েছেন ১৯৬ জন, সুস্থ হয়েছেন ১২১ জন। আড়াইহাজারে মৃত্যু হয়েছে ৪ জনের, আক্রান্ত হয়েছেন ৫১১ জন এবং সুস্থ হয়েছেন ৪০২ জন। রূপগঞ্জ উপজেলায় ১০ জনের মৃত্যু হয়েছে। আক্রান্ত হয়েছেন ১ হাজার ৪০ জন। আইসোলেশনে সুস্থ হয়েছেন ৭০১ জন। সোনারগাঁয়ে মৃত্যু হয়েছে ১৬ জনের, আক্রান্ত হয়েছেন ৪৭২ জন এবং সুস্থ হয়েছেন ৩৩৫ জন।</p>\r\n\r\n<p>&nbsp;</p>\r\n\r\n<p>গত ৭ এপ্রিল করোনাভাইরাস সংক্রমণের ক্ষেত্রে নারায়ণগঞ্জকে অতি ঝুঁকিপূর্ণ জেলা হিসেবে চিহ্নিত করে আইইডিসিআর।</p>', 65, 1, '[\"http:\\/\\/127.0.0.1:8000\\/storage\\/newspic\\/1594209560.jpeg\"]', 'cccc', '2020-07-08 05:59:20', '2020-07-15 22:38:46'),
(22, 3, 1, 'সংক্রমণের ক্ষেত্রে নারায়ণগঞ্জকে অতি ঝুঁকিপূর্ণ জেলা হিসেবে চিহ্নিত', '<p>নারায়ণগঞ্জে কোভিড-১৯ রোগে আক্রান্ত আরও দুজনের মৃত্যু হয়েছে। এ নিয়ে এ রোগে ২ জন চিকিৎসক, জ্যেষ্ঠ নার্সসহ ১১৯ জনের মৃত্যু হলো। জেলায় নতুন করে আরও ৪২ জনের শরীরে করোনাভাইরাস শনাক্ত হয়েছে। এ নিয়ে জেলায় আক্রান্তের সংখ্যা ৫ হাজার ৩৮৫। মঙ্গলবার বিকেলে জেলা সিভিল সার্জন কার্যালয় থেকে এ তথ্য জানানো হয়েছে।</p>\r\n\r\n<p>&nbsp;</p>\r\n\r\n<p>নারায়ণগঞ্জ সদর উপজেলা স্বাস্থ্য কর্মকর্তা জাহিদুল ইসলাম প্রথম আলোকে বলেন, কোভিড-১৯ রোগে আক্রান্ত আরও দুজনের মৃত্যু হয়েছে। তাঁরা হলেন শহরের আমলাপাড়া এলাকার ৫৫ বছরের সমির কুমার সাহা ও সিদ্ধিরগঞ্জের মিজমিজি এলাকার ৬৮ বছরের ওয়াহিদ মিয়া। শহরের খানপুরে অবস্থিত ৩০০ শয্যা করোনা ডেডিকেটেড হাসপাতালে সোমবার বিকেলে ও রাতে চিকিৎসাধীন অবস্থায় তাঁদের মৃত্যু হয়েছে। গত ২৪ ঘণ্টায় নমুনা পরীক্ষা করা হয়েছে ৩৪১ জনের। নতুন করে করোনা শনাক্ত হয়েছে ৪২ জনের। আক্রান্ত হওয়ার পর আইসোলেশনে মোট সুস্থ হয়েছেন ৪ হাজার ৪ জন। নমুনা পরীক্ষা করা হয়েছে ২৬ হাজার ৭৭১ জনের।</p>\r\n\r\n<p>&nbsp;</p>\r\n\r\n<p>&nbsp;</p>\r\n\r\n<p>জেলা স্বাস্থ্য বিভাগ সূত্রে জানা গেছে, সিটি করপোরেশন এলাকায় কোভিড-১৯ রোগে আক্রান্ত হয়ে মৃত্যু হয়েছে ৬৪ জনের, আক্রান্ত হয়েছেন ১ হাজার ৮৮৯ জন, নমুনা সংগ্রহ করা হয়েছে ৮ হাজার ৫৯ জনের। আইসোলেশনে থেকে সুস্থ হয়েছেন ১ হাজার ৪১৪ জন।</p>\r\n\r\n<p>&nbsp;</p>\r\n\r\n<p>সদর উপজেলায় মৃত্যু হয়েছে ২২ জনের, আক্রান্ত হয়েছেন ১ হাজার ২৭৭ জন, সুস্থ হয়েছেন ১ হাজার ৩১ জন। বন্দর উপজেলায় মৃত্যু হয়েছে ৩ জনের, আক্রান্ত হয়েছেন ১৯৬ জন, সুস্থ হয়েছেন ১২১ জন। আড়াইহাজারে মৃত্যু হয়েছে ৪ জনের, আক্রান্ত হয়েছেন ৫১১ জন এবং সুস্থ হয়েছেন ৪০২ জন। রূপগঞ্জ উপজেলায় ১০ জনের মৃত্যু হয়েছে। আক্রান্ত হয়েছেন ১ হাজার ৪০ জন। আইসোলেশনে সুস্থ হয়েছেন ৭০১ জন। সোনারগাঁয়ে মৃত্যু হয়েছে ১৬ জনের, আক্রান্ত হয়েছেন ৪৭২ জন এবং সুস্থ হয়েছেন ৩৩৫ জন।</p>\r\n\r\n<p>&nbsp;</p>\r\n\r\n<p>গত ৭ এপ্রিল করোনাভাইরাস সংক্রমণের ক্ষেত্রে নারায়ণগঞ্জকে অতি ঝুঁকিপূর্ণ জেলা হিসেবে চিহ্নিত করে আইইডিসিআর।</p>', 1, 0, '[\"http:\\/\\/127.0.0.1:8000\\/storage\\/newspic\\/1594209596.jpeg\"]', 'sdsdsd', '2020-07-08 05:59:56', '2020-07-14 23:21:54'),
(23, 1, 1, 'রায়ণগঞ্জ সদর উপজেলা স্বাস্থ্য কর্মকর্তা জাহিদুল', '<p>নারায়ণগঞ্জে কোভিড-১৯ রোগে আক্রান্ত আরও দুজনের মৃত্যু হয়েছে। এ নিয়ে এ রোগে ২ জন চিকিৎসক, জ্যেষ্ঠ নার্সসহ ১১৯ জনের মৃত্যু হলো। জেলায় নতুন করে আরও ৪২ জনের শরীরে করোনাভাইরাস শনাক্ত হয়েছে। এ নিয়ে জেলায় আক্রান্তের সংখ্যা ৫ হাজার ৩৮৫। মঙ্গলবার বিকেলে জেলা সিভিল সার্জন কার্যালয় থেকে এ তথ্য জানানো হয়েছে।</p>\r\n\r\n<p>&nbsp;</p>\r\n\r\n<p>নারায়ণগঞ্জ সদর উপজেলা স্বাস্থ্য কর্মকর্তা জাহিদুল ইসলাম প্রথম আলোকে বলেন, কোভিড-১৯ রোগে আক্রান্ত আরও দুজনের মৃত্যু হয়েছে। তাঁরা হলেন শহরের আমলাপাড়া এলাকার ৫৫ বছরের সমির কুমার সাহা ও সিদ্ধিরগঞ্জের মিজমিজি এলাকার ৬৮ বছরের ওয়াহিদ মিয়া। শহরের খানপুরে অবস্থিত ৩০০ শয্যা করোনা ডেডিকেটেড হাসপাতালে সোমবার বিকেলে ও রাতে চিকিৎসাধীন অবস্থায় তাঁদের মৃত্যু হয়েছে। গত ২৪ ঘণ্টায় নমুনা পরীক্ষা করা হয়েছে ৩৪১ জনের। নতুন করে করোনা শনাক্ত হয়েছে ৪২ জনের। আক্রান্ত হওয়ার পর আইসোলেশনে মোট সুস্থ হয়েছেন ৪ হাজার ৪ জন। নমুনা পরীক্ষা করা হয়েছে ২৬ হাজার ৭৭১ জনের।</p>\r\n\r\n<p>&nbsp;</p>\r\n\r\n<p>&nbsp;</p>\r\n\r\n<p>জেলা স্বাস্থ্য বিভাগ সূত্রে জানা গেছে, সিটি করপোরেশন এলাকায় কোভিড-১৯ রোগে আক্রান্ত হয়ে মৃত্যু হয়েছে ৬৪ জনের, আক্রান্ত হয়েছেন ১ হাজার ৮৮৯ জন, নমুনা সংগ্রহ করা হয়েছে ৮ হাজার ৫৯ জনের। আইসোলেশনে থেকে সুস্থ হয়েছেন ১ হাজার ৪১৪ জন।</p>\r\n\r\n<p>&nbsp;</p>\r\n\r\n<p>সদর উপজেলায় মৃত্যু হয়েছে ২২ জনের, আক্রান্ত হয়েছেন ১ হাজার ২৭৭ জন, সুস্থ হয়েছেন ১ হাজার ৩১ জন। বন্দর উপজেলায় মৃত্যু হয়েছে ৩ জনের, আক্রান্ত হয়েছেন ১৯৬ জন, সুস্থ হয়েছেন ১২১ জন। আড়াইহাজারে মৃত্যু হয়েছে ৪ জনের, আক্রান্ত হয়েছেন ৫১১ জন এবং সুস্থ হয়েছেন ৪০২ জন। রূপগঞ্জ উপজেলায় ১০ জনের মৃত্যু হয়েছে। আক্রান্ত হয়েছেন ১ হাজার ৪০ জন। আইসোলেশনে সুস্থ হয়েছেন ৭০১ জন। সোনারগাঁয়ে মৃত্যু হয়েছে ১৬ জনের, আক্রান্ত হয়েছেন ৪৭২ জন এবং সুস্থ হয়েছেন ৩৩৫ জন।</p>\r\n\r\n<p>&nbsp;</p>\r\n\r\n<p>গত ৭ এপ্রিল করোনাভাইরাস সংক্রমণের ক্ষেত্রে নারায়ণগঞ্জকে অতি ঝুঁকিপূর্ণ জেলা হিসেবে চিহ্নিত করে আইইডিসিআর।</p>', 0, 0, '[\"http:\\/\\/127.0.0.1:8000\\/storage\\/newspic\\/1594210027.jpeg\"]', 'sdsdsd', '2020-07-08 06:07:07', '2020-07-08 06:07:07'),
(24, 1, 1, 'আক্রান্ত হয়েছেন ৪৭২ জন এবং সুস্থ হয়েছেন', '<p>নারায়ণগঞ্জে কোভিড-১৯ রোগে আক্রান্ত আরও দুজনের মৃত্যু হয়েছে। এ নিয়ে এ রোগে ২ জন চিকিৎসক, জ্যেষ্ঠ নার্সসহ ১১৯ জনের মৃত্যু হলো। জেলায় নতুন করে আরও ৪২ জনের শরীরে করোনাভাইরাস শনাক্ত হয়েছে। এ নিয়ে জেলায় আক্রান্তের সংখ্যা ৫ হাজার ৩৮৫। মঙ্গলবার বিকেলে জেলা সিভিল সার্জন কার্যালয় থেকে এ তথ্য জানানো হয়েছে।</p>\r\n\r\n<p>&nbsp;</p>\r\n\r\n<p>নারায়ণগঞ্জ সদর উপজেলা স্বাস্থ্য কর্মকর্তা জাহিদুল ইসলাম প্রথম আলোকে বলেন, কোভিড-১৯ রোগে আক্রান্ত আরও দুজনের মৃত্যু হয়েছে। তাঁরা হলেন শহরের আমলাপাড়া এলাকার ৫৫ বছরের সমির কুমার সাহা ও সিদ্ধিরগঞ্জের মিজমিজি এলাকার ৬৮ বছরের ওয়াহিদ মিয়া। শহরের খানপুরে অবস্থিত ৩০০ শয্যা করোনা ডেডিকেটেড হাসপাতালে সোমবার বিকেলে ও রাতে চিকিৎসাধীন অবস্থায় তাঁদের মৃত্যু হয়েছে। গত ২৪ ঘণ্টায় নমুনা পরীক্ষা করা হয়েছে ৩৪১ জনের। নতুন করে করোনা শনাক্ত হয়েছে ৪২ জনের। আক্রান্ত হওয়ার পর আইসোলেশনে মোট সুস্থ হয়েছেন ৪ হাজার ৪ জন। নমুনা পরীক্ষা করা হয়েছে ২৬ হাজার ৭৭১ জনের।</p>\r\n\r\n<p>&nbsp;</p>\r\n\r\n<p>&nbsp;</p>\r\n\r\n<p>জেলা স্বাস্থ্য বিভাগ সূত্রে জানা গেছে, সিটি করপোরেশন এলাকায় কোভিড-১৯ রোগে আক্রান্ত হয়ে মৃত্যু হয়েছে ৬৪ জনের, আক্রান্ত হয়েছেন ১ হাজার ৮৮৯ জন, নমুনা সংগ্রহ করা হয়েছে ৮ হাজার ৫৯ জনের। আইসোলেশনে থেকে সুস্থ হয়েছেন ১ হাজার ৪১৪ জন।</p>\r\n\r\n<p>&nbsp;</p>\r\n\r\n<p>সদর উপজেলায় মৃত্যু হয়েছে ২২ জনের, আক্রান্ত হয়েছেন ১ হাজার ২৭৭ জন, সুস্থ হয়েছেন ১ হাজার ৩১ জন। বন্দর উপজেলায় মৃত্যু হয়েছে ৩ জনের, আক্রান্ত হয়েছেন ১৯৬ জন, সুস্থ হয়েছেন ১২১ জন। আড়াইহাজারে মৃত্যু হয়েছে ৪ জনের, আক্রান্ত হয়েছেন ৫১১ জন এবং সুস্থ হয়েছেন ৪০২ জন। রূপগঞ্জ উপজেলায় ১০ জনের মৃত্যু হয়েছে। আক্রান্ত হয়েছেন ১ হাজার ৪০ জন। আইসোলেশনে সুস্থ হয়েছেন ৭০১ জন। সোনারগাঁয়ে মৃত্যু হয়েছে ১৬ জনের, আক্রান্ত হয়েছেন ৪৭২ জন এবং সুস্থ হয়েছেন ৩৩৫ জন।</p>\r\n\r\n<p>&nbsp;</p>\r\n\r\n<p>গত ৭ এপ্রিল করোনাভাইরাস সংক্রমণের ক্ষেত্রে নারায়ণগঞ্জকে অতি ঝুঁকিপূর্ণ জেলা হিসেবে চিহ্নিত করে আইইডিসিআর।</p>', 1, 0, '[\"http:\\/\\/127.0.0.1:8000\\/storage\\/newspic\\/1594210063.jpeg\"]', 'ssdsdaw', '2020-07-08 06:07:43', '2020-07-09 22:00:34'),
(25, 2, 1, '৮ মার্চ দেশে প্রথম করোনায় সংক্রমিত ব্যক্তি শনাক্তের ঘোষণা আসে', '<p>করোনাভাইরাসে সংক্রমিত হয়ে গত ২৪ ঘণ্টায় দেশে ৫৫ জনের মৃত্যু হয়েছে। এখন পর্যন্ত মারা গেছেন ২ হাজার ১৫১ জন। আর গত ২৪ ঘণ্টায় নতুন করে ৩ হাজার ২৭ জনের করোনা শনাক্ত হয়েছে। এ পর্যন্ত ১ লাখ ৬৮ হাজার ৬৪৫ জনের করোনা শনাক্ত হলো।</p>\r\n\r\n<p>&nbsp;</p>\r\n\r\n<p>দেশে করোনাভাইরাসের সংক্রমণ পরিস্থিতি নিয়ে স্বাস্থ্য অধিদপ্তরের নিয়মিত অনলাইন ব্রিফিংয়ে আজ মঙ্গলবার এমন তথ্য জানানো হয়। ২৪ ঘণ্টায় মৃত্যু বেড়েছে ও শনাক্ত কমেছে। গতকাল সোমবার দেশে করোনায় সংক্রমিত ৩ হাজার ২০১ জন শনাক্ত হওয়ার কথা জানানো হয়েছিল। মারা গিয়েছিলেন ৪৪ জন। তবে গতকালের চেয়ে আজ কম নমুনা পরীক্ষা করা হয়েছে।</p>\r\n\r\n<p>&nbsp;</p>\r\n\r\n<p>ব্রিফিংয়ে বলা হয়, ২৪ ঘণ্টায় সুস্থ হয়েছেন ১ হাজার ৯৫৩ জন। সব মিলিয়ে সুস্থ হয়েছেন ৭৮ হাজার ১০২ জন।</p>\r\n\r\n<p>&nbsp;</p>\r\n\r\n<p>ব্রিফিংয়ের তথ্যমতে, ২৪ ঘণ্টায় ১৩ হাজার ১৭৩ জনের নমুনা পরীক্ষা করা হয়েছে। এর আগের দিন ১৪ হাজার ২৪৫ জনের নমুনা পরীক্ষা করা হয়েছিল। এ পর্যন্ত পরীক্ষা হয়েছে ৮ লাখ ৭৩ হাজার ৪৮০টি নমুনা।</p>\r\n\r\n<p>দেশে ৭৪টি ল্যাবে (পরীক্ষাগার) করোনা পরীক্ষা হচ্ছে। গত ৮ মার্চ দেশে প্রথম করোনায় সংক্রমিত ব্যক্তি শনাক্তের ঘোষণা আসে। আর ১৮ মার্চ প্রথম মৃত্যুর ঘটনা ঘটে।</p>\r\n\r\n<p>করোনার ঝুঁকি এড়াতে সামাজিক দূরত্ব বজায় রাখা ও স্বাস্থ্যবিধি মানতে সবাইকে অনুরোধ করেছেন স্বাস্থ্য অধিদপ্তরের অতিরিক্ত মহাপরিচালক (প্রশাসন) অধ্যাপক নাসিমা সুলতানা। অনলাইন ব্রিফিংয়ে তিনি বলেন, যথাযথ স্বাস্থ্যবিধি মেনে সারা দেশে টিকাদান চালু আছে। সবাই টিকা নিশ্চিত করতে কেন্দ্রে আসুন।</p>', 1, 0, '[\"http:\\/\\/127.0.0.1:8000\\/storage\\/newspic\\/1594217637.jpeg\"]', 'sdsds', '2020-07-08 08:13:59', '2020-07-08 22:41:55'),
(26, 1, 1, 'পরীক্ষা হচ্ছে। গত ৮ মার্চ দেশে প্রথম করোনায় সংক্রমিত', '<p>করোনাভাইরাসে সংক্রমিত হয়ে গত ২৪ ঘণ্টায় দেশে ৫৫ জনের মৃত্যু হয়েছে। এখন পর্যন্ত মারা গেছেন ২ হাজার ১৫১ জন। আর গত ২৪ ঘণ্টায় নতুন করে ৩ হাজার ২৭ জনের করোনা শনাক্ত হয়েছে। এ পর্যন্ত ১ লাখ ৬৮ হাজার ৬৪৫ জনের করোনা শনাক্ত হলো।</p>\r\n\r\n<p>&nbsp;</p>\r\n\r\n<p>দেশে করোনাভাইরাসের সংক্রমণ পরিস্থিতি নিয়ে স্বাস্থ্য অধিদপ্তরের নিয়মিত অনলাইন ব্রিফিংয়ে আজ মঙ্গলবার এমন তথ্য জানানো হয়। ২৪ ঘণ্টায় মৃত্যু বেড়েছে ও শনাক্ত কমেছে। গতকাল সোমবার দেশে করোনায় সংক্রমিত ৩ হাজার ২০১ জন শনাক্ত হওয়ার কথা জানানো হয়েছিল। মারা গিয়েছিলেন ৪৪ জন। তবে গতকালের চেয়ে আজ কম নমুনা পরীক্ষা করা হয়েছে।</p>\r\n\r\n<p>&nbsp;</p>\r\n\r\n<p>ব্রিফিংয়ে বলা হয়, ২৪ ঘণ্টায় সুস্থ হয়েছেন ১ হাজার ৯৫৩ জন। সব মিলিয়ে সুস্থ হয়েছেন ৭৮ হাজার ১০২ জন।</p>\r\n\r\n<p>&nbsp;</p>\r\n\r\n<p>ব্রিফিংয়ের তথ্যমতে, ২৪ ঘণ্টায় ১৩ হাজার ১৭৩ জনের নমুনা পরীক্ষা করা হয়েছে। এর আগের দিন ১৪ হাজার ২৪৫ জনের নমুনা পরীক্ষা করা হয়েছিল। এ পর্যন্ত পরীক্ষা হয়েছে ৮ লাখ ৭৩ হাজার ৪৮০টি নমুনা।</p>\r\n\r\n<p>দেশে ৭৪টি ল্যাবে (পরীক্ষাগার) করোনা পরীক্ষা হচ্ছে। গত ৮ মার্চ দেশে প্রথম করোনায় সংক্রমিত ব্যক্তি শনাক্তের ঘোষণা আসে। আর ১৮ মার্চ প্রথম মৃত্যুর ঘটনা ঘটে।</p>\r\n\r\n<p>করোনার ঝুঁকি এড়াতে সামাজিক দূরত্ব বজায় রাখা ও স্বাস্থ্যবিধি মানতে সবাইকে অনুরোধ করেছেন স্বাস্থ্য অধিদপ্তরের অতিরিক্ত মহাপরিচালক (প্রশাসন) অধ্যাপক নাসিমা সুলতানা। অনলাইন ব্রিফিংয়ে তিনি বলেন, যথাযথ স্বাস্থ্যবিধি মেনে সারা দেশে টিকাদান চালু আছে। সবাই টিকা নিশ্চিত করতে কেন্দ্রে আসুন।</p>', 0, 0, '[\"http:\\/\\/127.0.0.1:8000\\/storage\\/newspic\\/1594248566.jpeg\"]', 'sdsds', '2020-07-08 16:49:28', '2020-07-08 16:49:28'),
(27, 1, 1, 'এর আগের দিন ১৪ হাজার ২৪৫ জনের নমুনা', '<p>করোনাভাইরাসে সংক্রমিত হয়ে গত ২৪ ঘণ্টায় দেশে ৫৫ জনের মৃত্যু হয়েছে। এখন পর্যন্ত মারা গেছেন ২ হাজার ১৫১ জন। আর গত ২৪ ঘণ্টায় নতুন করে ৩ হাজার ২৭ জনের করোনা শনাক্ত হয়েছে। এ পর্যন্ত ১ লাখ ৬৮ হাজার ৬৪৫ জনের করোনা শনাক্ত হলো।</p>\r\n\r\n<p>&nbsp;</p>\r\n\r\n<p>দেশে করোনাভাইরাসের সংক্রমণ পরিস্থিতি নিয়ে স্বাস্থ্য অধিদপ্তরের নিয়মিত অনলাইন ব্রিফিংয়ে আজ মঙ্গলবার এমন তথ্য জানানো হয়। ২৪ ঘণ্টায় মৃত্যু বেড়েছে ও শনাক্ত কমেছে। গতকাল সোমবার দেশে করোনায় সংক্রমিত ৩ হাজার ২০১ জন শনাক্ত হওয়ার কথা জানানো হয়েছিল। মারা গিয়েছিলেন ৪৪ জন। তবে গতকালের চেয়ে আজ কম নমুনা পরীক্ষা করা হয়েছে।</p>\r\n\r\n<p>&nbsp;</p>\r\n\r\n<p>ব্রিফিংয়ে বলা হয়, ২৪ ঘণ্টায় সুস্থ হয়েছেন ১ হাজার ৯৫৩ জন। সব মিলিয়ে সুস্থ হয়েছেন ৭৮ হাজার ১০২ জন।</p>\r\n\r\n<p>&nbsp;</p>\r\n\r\n<p>ব্রিফিংয়ের তথ্যমতে, ২৪ ঘণ্টায় ১৩ হাজার ১৭৩ জনের নমুনা পরীক্ষা করা হয়েছে। এর আগের দিন ১৪ হাজার ২৪৫ জনের নমুনা পরীক্ষা করা হয়েছিল। এ পর্যন্ত পরীক্ষা হয়েছে ৮ লাখ ৭৩ হাজার ৪৮০টি নমুনা।</p>\r\n\r\n<p>দেশে ৭৪টি ল্যাবে (পরীক্ষাগার) করোনা পরীক্ষা হচ্ছে। গত ৮ মার্চ দেশে প্রথম করোনায় সংক্রমিত ব্যক্তি শনাক্তের ঘোষণা আসে। আর ১৮ মার্চ প্রথম মৃত্যুর ঘটনা ঘটে।</p>\r\n\r\n<p>করোনার ঝুঁকি এড়াতে সামাজিক দূরত্ব বজায় রাখা ও স্বাস্থ্যবিধি মানতে সবাইকে অনুরোধ করেছেন স্বাস্থ্য অধিদপ্তরের অতিরিক্ত মহাপরিচালক (প্রশাসন) অধ্যাপক নাসিমা সুলতানা। অনলাইন ব্রিফিংয়ে তিনি বলেন, যথাযথ স্বাস্থ্যবিধি মেনে সারা দেশে টিকাদান চালু আছে। সবাই টিকা নিশ্চিত করতে কেন্দ্রে আসুন।</p>', 1, 0, '[\"http:\\/\\/127.0.0.1:8000\\/storage\\/newspic\\/1594248609.jpeg\"]', 'ssdd', '2020-07-08 16:50:09', '2020-07-14 21:13:13'),
(28, 1, 1, 'সব মিলিয়ে সুস্থ হয়েছেন ৭৮ হাজার ১০২ জন।', '<p>করোনাভাইরাসে সংক্রমিত হয়ে গত ২৪ ঘণ্টায় দেশে ৫৫ জনের মৃত্যু হয়েছে। এখন পর্যন্ত মারা গেছেন ২ হাজার ১৫১ জন। আর গত ২৪ ঘণ্টায় নতুন করে ৩ হাজার ২৭ জনের করোনা শনাক্ত হয়েছে। এ পর্যন্ত ১ লাখ ৬৮ হাজার ৬৪৫ জনের করোনা শনাক্ত হলো।</p>\r\n\r\n<p>&nbsp;</p>\r\n\r\n<p>দেশে করোনাভাইরাসের সংক্রমণ পরিস্থিতি নিয়ে স্বাস্থ্য অধিদপ্তরের নিয়মিত অনলাইন ব্রিফিংয়ে আজ মঙ্গলবার এমন তথ্য জানানো হয়। ২৪ ঘণ্টায় মৃত্যু বেড়েছে ও শনাক্ত কমেছে। গতকাল সোমবার দেশে করোনায় সংক্রমিত ৩ হাজার ২০১ জন শনাক্ত হওয়ার কথা জানানো হয়েছিল। মারা গিয়েছিলেন ৪৪ জন। তবে গতকালের চেয়ে আজ কম নমুনা পরীক্ষা করা হয়েছে।</p>\r\n\r\n<p>&nbsp;</p>\r\n\r\n<p>ব্রিফিংয়ে বলা হয়, ২৪ ঘণ্টায় সুস্থ হয়েছেন ১ হাজার ৯৫৩ জন। সব মিলিয়ে সুস্থ হয়েছেন ৭৮ হাজার ১০২ জন।</p>\r\n\r\n<p>&nbsp;</p>\r\n\r\n<p>ব্রিফিংয়ের তথ্যমতে, ২৪ ঘণ্টায় ১৩ হাজার ১৭৩ জনের নমুনা পরীক্ষা করা হয়েছে। এর আগের দিন ১৪ হাজার ২৪৫ জনের নমুনা পরীক্ষা করা হয়েছিল। এ পর্যন্ত পরীক্ষা হয়েছে ৮ লাখ ৭৩ হাজার ৪৮০টি নমুনা।</p>\r\n\r\n<p>দেশে ৭৪টি ল্যাবে (পরীক্ষাগার) করোনা পরীক্ষা হচ্ছে। গত ৮ মার্চ দেশে প্রথম করোনায় সংক্রমিত ব্যক্তি শনাক্তের ঘোষণা আসে। আর ১৮ মার্চ প্রথম মৃত্যুর ঘটনা ঘটে।</p>\r\n\r\n<p>করোনার ঝুঁকি এড়াতে সামাজিক দূরত্ব বজায় রাখা ও স্বাস্থ্যবিধি মানতে সবাইকে অনুরোধ করেছেন স্বাস্থ্য অধিদপ্তরের অতিরিক্ত মহাপরিচালক (প্রশাসন) অধ্যাপক নাসিমা সুলতানা। অনলাইন ব্রিফিংয়ে তিনি বলেন, যথাযথ স্বাস্থ্যবিধি মেনে সারা দেশে টিকাদান চালু আছে। সবাই টিকা নিশ্চিত করতে কেন্দ্রে আসুন।</p>', 0, 0, '[\"http:\\/\\/127.0.0.1:8000\\/storage\\/newspic\\/1594248637.jpeg\"]', 'sss', '2020-07-08 16:50:37', '2020-07-08 16:50:37'),
(29, 1, 1, 'করোনার ঝুঁকি এড়াতে সামাজিক দূরত্ব বজায় রাখা ও স্বাস্থ্যবিধি মানতে সবাইকে অনুরোধ', '<p>করোনাভাইরাসে সংক্রমিত হয়ে গত ২৪ ঘণ্টায় দেশে ৫৫ জনের মৃত্যু হয়েছে। এখন পর্যন্ত মারা গেছেন ২ হাজার ১৫১ জন। আর গত ২৪ ঘণ্টায় নতুন করে ৩ হাজার ২৭ জনের করোনা শনাক্ত হয়েছে। এ পর্যন্ত ১ লাখ ৬৮ হাজার ৬৪৫ জনের করোনা শনাক্ত হলো।</p>\r\n\r\n<p>&nbsp;</p>\r\n\r\n<p>দেশে করোনাভাইরাসের সংক্রমণ পরিস্থিতি নিয়ে স্বাস্থ্য অধিদপ্তরের নিয়মিত অনলাইন ব্রিফিংয়ে আজ মঙ্গলবার এমন তথ্য জানানো হয়। ২৪ ঘণ্টায় মৃত্যু বেড়েছে ও শনাক্ত কমেছে। গতকাল সোমবার দেশে করোনায় সংক্রমিত ৩ হাজার ২০১ জন শনাক্ত হওয়ার কথা জানানো হয়েছিল। মারা গিয়েছিলেন ৪৪ জন। তবে গতকালের চেয়ে আজ কম নমুনা পরীক্ষা করা হয়েছে।</p>\r\n\r\n<p>&nbsp;</p>\r\n\r\n<p>ব্রিফিংয়ে বলা হয়, ২৪ ঘণ্টায় সুস্থ হয়েছেন ১ হাজার ৯৫৩ জন। সব মিলিয়ে সুস্থ হয়েছেন ৭৮ হাজার ১০২ জন।</p>\r\n\r\n<p>&nbsp;</p>\r\n\r\n<p>ব্রিফিংয়ের তথ্যমতে, ২৪ ঘণ্টায় ১৩ হাজার ১৭৩ জনের নমুনা পরীক্ষা করা হয়েছে। এর আগের দিন ১৪ হাজার ২৪৫ জনের নমুনা পরীক্ষা করা হয়েছিল। এ পর্যন্ত পরীক্ষা হয়েছে ৮ লাখ ৭৩ হাজার ৪৮০টি নমুনা।</p>\r\n\r\n<p>দেশে ৭৪টি ল্যাবে (পরীক্ষাগার) করোনা পরীক্ষা হচ্ছে। গত ৮ মার্চ দেশে প্রথম করোনায় সংক্রমিত ব্যক্তি শনাক্তের ঘোষণা আসে। আর ১৮ মার্চ প্রথম মৃত্যুর ঘটনা ঘটে।</p>\r\n\r\n<p>করোনার ঝুঁকি এড়াতে সামাজিক দূরত্ব বজায় রাখা ও স্বাস্থ্যবিধি মানতে সবাইকে অনুরোধ করেছেন স্বাস্থ্য অধিদপ্তরের অতিরিক্ত মহাপরিচালক (প্রশাসন) অধ্যাপক নাসিমা সুলতানা। অনলাইন ব্রিফিংয়ে তিনি বলেন, যথাযথ স্বাস্থ্যবিধি মেনে সারা দেশে টিকাদান চালু আছে। সবাই টিকা নিশ্চিত করতে কেন্দ্রে আসুন।</p>', 2, 0, '[\"http:\\/\\/127.0.0.1:8000\\/storage\\/newspic\\/1594248665.jpeg\"]', 'dddaa', '2020-07-08 16:51:05', '2020-07-14 20:37:30');
INSERT INTO `news` (`id`, `mainmenu_id`, `user_id`, `headline`, `description`, `count`, `headnews`, `picture`, `journalist`, `created_at`, `updated_at`) VALUES
(31, 1, 1, 'এর আগের দিন ১৪ হাজার ২৪৫ জনের নমুনা পরীক্ষা করা হয়েছিল', '<p>করোনাভাইরাসে সংক্রমিত হয়ে গত ২৪ ঘণ্টায় দেশে ৫৫ জনের মৃত্যু হয়েছে। এখন পর্যন্ত মারা গেছেন ২ হাজার ১৫১ জন। আর গত ২৪ ঘণ্টায় নতুন করে ৩ হাজার ২৭ জনের করোনা শনাক্ত হয়েছে। এ পর্যন্ত ১ লাখ ৬৮ হাজার ৬৪৫ জনের করোনা শনাক্ত হলো।</p>\r\n\r\n<p>&nbsp;</p>\r\n\r\n<p>দেশে করোনাভাইরাসের সংক্রমণ পরিস্থিতি নিয়ে স্বাস্থ্য অধিদপ্তরের নিয়মিত অনলাইন ব্রিফিংয়ে আজ মঙ্গলবার এমন তথ্য জানানো হয়। ২৪ ঘণ্টায় মৃত্যু বেড়েছে ও শনাক্ত কমেছে। গতকাল সোমবার দেশে করোনায় সংক্রমিত ৩ হাজার ২০১ জন শনাক্ত হওয়ার কথা জানানো হয়েছিল। মারা গিয়েছিলেন ৪৪ জন। তবে গতকালের চেয়ে আজ কম নমুনা পরীক্ষা করা হয়েছে।</p>\r\n\r\n<p>&nbsp;</p>\r\n\r\n<p>ব্রিফিংয়ে বলা হয়, ২৪ ঘণ্টায় সুস্থ হয়েছেন ১ হাজার ৯৫৩ জন। সব মিলিয়ে সুস্থ হয়েছেন ৭৮ হাজার ১০২ জন।</p>\r\n\r\n<p>&nbsp;</p>\r\n\r\n<p>ব্রিফিংয়ের তথ্যমতে, ২৪ ঘণ্টায় ১৩ হাজার ১৭৩ জনের নমুনা পরীক্ষা করা হয়েছে। এর আগের দিন ১৪ হাজার ২৪৫ জনের নমুনা পরীক্ষা করা হয়েছিল। এ পর্যন্ত পরীক্ষা হয়েছে ৮ লাখ ৭৩ হাজার ৪৮০টি নমুনা।</p>\r\n\r\n<p>দেশে ৭৪টি ল্যাবে (পরীক্ষাগার) করোনা পরীক্ষা হচ্ছে। গত ৮ মার্চ দেশে প্রথম করোনায় সংক্রমিত ব্যক্তি শনাক্তের ঘোষণা আসে। আর ১৮ মার্চ প্রথম মৃত্যুর ঘটনা ঘটে।</p>\r\n\r\n<p>করোনার ঝুঁকি এড়াতে সামাজিক দূরত্ব বজায় রাখা ও স্বাস্থ্যবিধি মানতে সবাইকে অনুরোধ করেছেন স্বাস্থ্য অধিদপ্তরের অতিরিক্ত মহাপরিচালক (প্রশাসন) অধ্যাপক নাসিমা সুলতানা। অনলাইন ব্রিফিংয়ে তিনি বলেন, যথাযথ স্বাস্থ্যবিধি মেনে সারা দেশে টিকাদান চালু আছে। সবাই টিকা নিশ্চিত করতে কেন্দ্রে আসুন।</p>', 0, 0, '[\"http:\\/\\/127.0.0.1:8000\\/storage\\/newspic\\/1594248861.jpeg\"]', 'ssssss', '2020-07-08 16:54:21', '2020-07-08 16:54:21'),
(32, 4, 1, '২৪ ভাগ স্বাস্থ্যসেবাদানকারী এখনো পিপিই পাননি: জরিপ', '<p>এর আগের দিন ১৪ হাজার ২৪৫ জনের নমুনা পরীক্ষা করা হয়েছিল&nbsp; &nbsp;এর আগের দিন ১৪ হাজার ২৪৫ জনের নমুনা পরীক্ষা করা হয়েছিলএর আগের দিন ১৪ হাজার ২৪৫ জনের নমুনা পরীক্ষা করা হয়েছিলএর আগের দিন ১৪ হাজার ২৪৫ জনের নমুনা পরীক্ষা করা হয়েছিলএর আগের দিন ১৪ হাজার ২৪৫ জনের নমুনা পরীক্ষা করা হয়েছিলএর আগের দিন ১৪ হাজার ২৪৫ জনের নমুনা পরীক্ষা করা হয়েছিলএর আগের দিন ১৪ হাজার ২৪৫ জনের নমুনা পরীক্ষা করা হয়েছিলএর আগের দিন ১৪ হাজার ২৪৫ জনের নমুনা পরীক্ষা করা হয়েছিলএর আগের দিন ১৪ হাজার ২৪৫ জনের নমুনা পরীক্ষা করা হয়েছিল</p>\r\n\r\n<p>এর আগের দিন ১৪ হাজার ২৪৫ জনের নমুনা পরীক্ষা করা হয়েছিলএর আগের দিন ১৪ হাজার ২৪৫ জনের নমুনা পরীক্ষা করা হয়েছিলএর আগের দিন ১৪ হাজার ২৪৫ জনের নমুনা পরীক্ষা করা হয়েছিলএর আগের দিন ১৪ হাজার ২৪৫ জনের নমুনা পরীক্ষা করা হয়েছিলএর আগের দিন ১৪ হাজার ২৪৫ জনের নমুনা পরীক্ষা করা হয়েছিলএর আগের দিন ১৪ হাজার ২৪৫ জনের নমুনা পরীক্ষা করা হয়েছিলএর আগের দিন ১৪ হাজার ২৪৫ জনের নমুনা পরীক্ষা করা হয়েছিল</p>\r\n\r\n<p>এর আগের দিন ১৪ হাজার ২৪৫ জনের নমুনা পরীক্ষা করা হয়েছিলএর আগের দিন ১৪ হাজার ২৪৫ জনের নমুনা পরীক্ষা করা হয়েছিলএর আগের দিন ১৪ হাজার ২৪৫ জনের নমুনা পরীক্ষা করা হয়েছিলএর আগের দিন ১৪ হাজার ২৪৫ জনের নমুনা পরীক্ষা করা হয়েছিলএর আগের দিন ১৪ হাজার ২৪৫ জনের নমুনা পরীক্ষা করা হয়েছিলএর আগের দিন ১৪ হাজার ২৪৫ জনের নমুনা পরীক্ষা করা হয়েছিলএর আগের দিন ১৪ হাজার ২৪৫ জনের নমুনা পরীক্ষা করা হয়েছিলএর আগের দিন ১৪ হাজার ২৪৫ জনের নমুনা পরীক্ষা করা হয়েছিলএর আগের দিন ১৪ হাজার ২৪৫ জনের নমুনা পরীক্ষা করা হয়েছিলএর আগের দিন ১৪ হাজার ২৪৫ জনের নমুনা পরীক্ষা করা হয়েছিল</p>\r\n\r\n<p>এর আগের দিন ১৪ হাজার ২৪৫ জনের নমুনা পরীক্ষা করা হয়েছিলএর আগের দিন ১৪ হাজার ২৪৫ জনের নমুনা পরীক্ষা করা হয়েছিলএর আগের দিন ১৪ হাজার ২৪৫ জনের নমুনা পরীক্ষা করা হয়েছিলএর আগের দিন ১৪ হাজার ২৪৫ জনের নমুনা পরীক্ষা করা হয়েছিলএর আগের দিন ১৪ হাজার ২৪৫ জনের নমুনা পরীক্ষা করা হয়েছিলএর আগের দিন ১৪ হাজার ২৪৫ জনের নমুনা পরীক্ষা করা হয়েছিলএর আগের দিন ১৪ হাজার ২৪৫ জনের নমুনা পরীক্ষা করা হয়েছিল</p>\r\n\r\n<p>এর আগের দিন ১৪ হাজার ২৪৫ জনের নমুনা পরীক্ষা করা হয়েছিলএর আগের দিন ১৪ হাজার ২৪৫ জনের নমুনা পরীক্ষা করা হয়েছিল</p>', 1, 0, '[\"http:\\/\\/127.0.0.1:8000\\/storage\\/newspic\\/1594251253.jpeg\"]', 'ssdsd', '2020-07-08 17:34:14', '2020-07-09 00:12:48'),
(34, 1, 1, '২৪ ভাগ স্বাস্থ্যসেবাদানকারী এখনো পিপিই পাননি: জরিপ', '<p>নারায়ণগঞ্জে কোভিড-১৯ রোগে আক্রান্ত আরও দুজনের মৃত্যু হয়েছে। এ নিয়ে এ রোগে ২ জন চিকিৎসক, জ্যেষ্ঠ নার্সসহ ১১৯ জনের মৃত্যু হলো। জেলায় নতুন করে আরও ৪২ জনের শরীরে করোনাভাইরাস শনাক্ত হয়েছে। এ নিয়ে জেলায় আক্রান্তের সংখ্যা ৫ হাজার ৩৮৫। মঙ্গলবার বিকেলে জেলা সিভিল সার্জন কার্যালয় থেকে এ তথ্য জানানো হয়েছে।</p>\r\n\r\n<p>&nbsp;</p>\r\n\r\n<p>নারায়ণগঞ্জ সদর উপজেলা স্বাস্থ্য কর্মকর্তা জাহিদুল ইসলাম প্রথম আলোকে বলেন, কোভিড-১৯ রোগে আক্রান্ত আরও দুজনের মৃত্যু হয়েছে। তাঁরা হলেন শহরের আমলাপাড়া এলাকার ৫৫ বছরের সমির কুমার সাহা ও সিদ্ধিরগঞ্জের মিজমিজি এলাকার ৬৮ বছরের ওয়াহিদ মিয়া। শহরের খানপুরে অবস্থিত ৩০০ শয্যা করোনা ডেডিকেটেড হাসপাতালে সোমবার বিকেলে ও রাতে চিকিৎসাধীন অবস্থায় তাঁদের মৃত্যু হয়েছে। গত ২৪ ঘণ্টায় নমুনা পরীক্ষা করা হয়েছে ৩৪১ জনের। নতুন করে করোনা শনাক্ত হয়েছে ৪২ জনের। আক্রান্ত হওয়ার পর আইসোলেশনে মোট সুস্থ হয়েছেন ৪ হাজার ৪ জন। নমুনা পরীক্ষা করা হয়েছে ২৬ হাজার ৭৭১ জনের।</p>\r\n\r\n<p>&nbsp;</p>\r\n\r\n<p>&nbsp;</p>\r\n\r\n<p>জেলা স্বাস্থ্য বিভাগ সূত্রে জানা গেছে, সিটি করপোরেশন এলাকায় কোভিড-১৯ রোগে আক্রান্ত হয়ে মৃত্যু হয়েছে ৬৪ জনের, আক্রান্ত হয়েছেন ১ হাজার ৮৮৯ জন, নমুনা সংগ্রহ করা হয়েছে ৮ হাজার ৫৯ জনের। আইসোলেশনে থেকে সুস্থ হয়েছেন ১ হাজার ৪১৪ জন।</p>\r\n\r\n<p>&nbsp;</p>\r\n\r\n<p>সদর উপজেলায় মৃত্যু হয়েছে ২২ জনের, আক্রান্ত হয়েছেন ১ হাজার ২৭৭ জন, সুস্থ হয়েছেন ১ হাজার ৩১ জন। বন্দর উপজেলায় মৃত্যু হয়েছে ৩ জনের, আক্রান্ত হয়েছেন ১৯৬ জন, সুস্থ হয়েছেন ১২১ জন। আড়াইহাজারে মৃত্যু হয়েছে ৪ জনের, আক্রান্ত হয়েছেন ৫১১ জন এবং সুস্থ হয়েছেন ৪০২ জন। রূপগঞ্জ উপজেলায় ১০ জনের মৃত্যু হয়েছে। আক্রান্ত হয়েছেন ১ হাজার ৪০ জন। আইসোলেশনে সুস্থ হয়েছেন ৭০১ জন। সোনারগাঁয়ে মৃত্যু হয়েছে ১৬ জনের, আক্রান্ত হয়েছেন ৪৭২ জন এবং সুস্থ হয়েছেন ৩৩৫ জন।</p>\r\n\r\n<p>&nbsp;</p>\r\n\r\n<p>গত ৭ এপ্রিল করোনাভাইরাস সংক্রমণের ক্ষেত্রে নারায়ণগঞ্জকে অতি ঝুঁকিপূর্ণ জেলা হিসেবে চিহ্নিত করে আইইডিসিআর।</p>', 5, 0, '[\"http:\\/\\/127.0.0.1:8000\\/storage\\/newspic\\/1594313202.jpeg\"]', 'sdsd', '2020-07-09 10:46:49', '2020-07-09 21:40:24'),
(35, 1, 1, 'নারায়ণগঞ্জকে অতি ঝুঁকিপূর্ণ জেলা হিসেবে চিহ্নিত করে আইইডিসিআর।', '<p>নারায়ণগঞ্জে কোভিড-১৯ রোগে আক্রান্ত আরও দুজনের মৃত্যু হয়েছে। এ নিয়ে এ রোগে ২ জন চিকিৎসক, জ্যেষ্ঠ নার্সসহ ১১৯ জনের মৃত্যু হলো। জেলায় নতুন করে আরও ৪২ জনের শরীরে করোনাভাইরাস শনাক্ত হয়েছে। এ নিয়ে জেলায় আক্রান্তের সংখ্যা ৫ হাজার ৩৮৫। মঙ্গলবার বিকেলে জেলা সিভিল সার্জন কার্যালয় থেকে এ তথ্য জানানো হয়েছে।</p>\r\n\r\n<p>&nbsp;</p>\r\n\r\n<p>নারায়ণগঞ্জ সদর উপজেলা স্বাস্থ্য কর্মকর্তা জাহিদুল ইসলাম প্রথম আলোকে বলেন, কোভিড-১৯ রোগে আক্রান্ত আরও দুজনের মৃত্যু হয়েছে। তাঁরা হলেন শহরের আমলাপাড়া এলাকার ৫৫ বছরের সমির কুমার সাহা ও সিদ্ধিরগঞ্জের মিজমিজি এলাকার ৬৮ বছরের ওয়াহিদ মিয়া। শহরের খানপুরে অবস্থিত ৩০০ শয্যা করোনা ডেডিকেটেড হাসপাতালে সোমবার বিকেলে ও রাতে চিকিৎসাধীন অবস্থায় তাঁদের মৃত্যু হয়েছে। গত ২৪ ঘণ্টায় নমুনা পরীক্ষা করা হয়েছে ৩৪১ জনের। নতুন করে করোনা শনাক্ত হয়েছে ৪২ জনের। আক্রান্ত হওয়ার পর আইসোলেশনে মোট সুস্থ হয়েছেন ৪ হাজার ৪ জন। নমুনা পরীক্ষা করা হয়েছে ২৬ হাজার ৭৭১ জনের।</p>\r\n\r\n<p>&nbsp;</p>\r\n\r\n<p>&nbsp;</p>\r\n\r\n<p>জেলা স্বাস্থ্য বিভাগ সূত্রে জানা গেছে, সিটি করপোরেশন এলাকায় কোভিড-১৯ রোগে আক্রান্ত হয়ে মৃত্যু হয়েছে ৬৪ জনের, আক্রান্ত হয়েছেন ১ হাজার ৮৮৯ জন, নমুনা সংগ্রহ করা হয়েছে ৮ হাজার ৫৯ জনের। আইসোলেশনে থেকে সুস্থ হয়েছেন ১ হাজার ৪১৪ জন।</p>\r\n\r\n<p>&nbsp;</p>\r\n\r\n<p>সদর উপজেলায় মৃত্যু হয়েছে ২২ জনের, আক্রান্ত হয়েছেন ১ হাজার ২৭৭ জন, সুস্থ হয়েছেন ১ হাজার ৩১ জন। বন্দর উপজেলায় মৃত্যু হয়েছে ৩ জনের, আক্রান্ত হয়েছেন ১৯৬ জন, সুস্থ হয়েছেন ১২১ জন। আড়াইহাজারে মৃত্যু হয়েছে ৪ জনের, আক্রান্ত হয়েছেন ৫১১ জন এবং সুস্থ হয়েছেন ৪০২ জন। রূপগঞ্জ উপজেলায় ১০ জনের মৃত্যু হয়েছে। আক্রান্ত হয়েছেন ১ হাজার ৪০ জন। আইসোলেশনে সুস্থ হয়েছেন ৭০১ জন। সোনারগাঁয়ে মৃত্যু হয়েছে ১৬ জনের, আক্রান্ত হয়েছেন ৪৭২ জন এবং সুস্থ হয়েছেন ৩৩৫ জন।</p>\r\n\r\n<p>&nbsp;</p>\r\n\r\n<p>গত ৭ এপ্রিল করোনাভাইরাস সংক্রমণের ক্ষেত্রে নারায়ণগঞ্জকে অতি ঝুঁকিপূর্ণ জেলা হিসেবে চিহ্নিত করে আইইডিসিআর।</p>', 11, 0, '[\"http:\\/\\/127.0.0.1:8000\\/storage\\/newspic\\/1594313255.jpeg\"]', 'fgfgfg', '2020-07-09 10:47:35', '2020-07-15 22:11:42'),
(36, 1, 1, 'নারায়ণগঞ্জকে অতি ঝুঁকিপূর্ণ জেলা হিসেবে চিহ্নিত করে আইইডিসিআর।', '<p>নারায়ণগঞ্জে কোভিড-১৯ রোগে আক্রান্ত আরও দুজনের মৃত্যু হয়েছে। এ নিয়ে এ রোগে ২ জন চিকিৎসক, জ্যেষ্ঠ নার্সসহ ১১৯ জনের মৃত্যু হলো। জেলায় নতুন করে আরও ৪২ জনের শরীরে করোনাভাইরাস শনাক্ত হয়েছে। এ নিয়ে জেলায় আক্রান্তের সংখ্যা ৫ হাজার ৩৮৫। মঙ্গলবার বিকেলে জেলা সিভিল সার্জন কার্যালয় থেকে এ তথ্য জানানো হয়েছে।</p>\r\n\r\n<p>&nbsp;</p>\r\n\r\n<p>নারায়ণগঞ্জ সদর উপজেলা স্বাস্থ্য কর্মকর্তা জাহিদুল ইসলাম প্রথম আলোকে বলেন, কোভিড-১৯ রোগে আক্রান্ত আরও দুজনের মৃত্যু হয়েছে। তাঁরা হলেন শহরের আমলাপাড়া এলাকার ৫৫ বছরের সমির কুমার সাহা ও সিদ্ধিরগঞ্জের মিজমিজি এলাকার ৬৮ বছরের ওয়াহিদ মিয়া। শহরের খানপুরে অবস্থিত ৩০০ শয্যা করোনা ডেডিকেটেড হাসপাতালে সোমবার বিকেলে ও রাতে চিকিৎসাধীন অবস্থায় তাঁদের মৃত্যু হয়েছে। গত ২৪ ঘণ্টায় নমুনা পরীক্ষা করা হয়েছে ৩৪১ জনের। নতুন করে করোনা শনাক্ত হয়েছে ৪২ জনের। আক্রান্ত হওয়ার পর আইসোলেশনে মোট সুস্থ হয়েছেন ৪ হাজার ৪ জন। নমুনা পরীক্ষা করা হয়েছে ২৬ হাজার ৭৭১ জনের।</p>\r\n\r\n<p>&nbsp;</p>\r\n\r\n<p>&nbsp;</p>\r\n\r\n<p>জেলা স্বাস্থ্য বিভাগ সূত্রে জানা গেছে, সিটি করপোরেশন এলাকায় কোভিড-১৯ রোগে আক্রান্ত হয়ে মৃত্যু হয়েছে ৬৪ জনের, আক্রান্ত হয়েছেন ১ হাজার ৮৮৯ জন, নমুনা সংগ্রহ করা হয়েছে ৮ হাজার ৫৯ জনের। আইসোলেশনে থেকে সুস্থ হয়েছেন ১ হাজার ৪১৪ জন।</p>\r\n\r\n<p>&nbsp;</p>\r\n\r\n<p>সদর উপজেলায় মৃত্যু হয়েছে ২২ জনের, আক্রান্ত হয়েছেন ১ হাজার ২৭৭ জন, সুস্থ হয়েছেন ১ হাজার ৩১ জন। বন্দর উপজেলায় মৃত্যু হয়েছে ৩ জনের, আক্রান্ত হয়েছেন ১৯৬ জন, সুস্থ হয়েছেন ১২১ জন। আড়াইহাজারে মৃত্যু হয়েছে ৪ জনের, আক্রান্ত হয়েছেন ৫১১ জন এবং সুস্থ হয়েছেন ৪০২ জন। রূপগঞ্জ উপজেলায় ১০ জনের মৃত্যু হয়েছে। আক্রান্ত হয়েছেন ১ হাজার ৪০ জন। আইসোলেশনে সুস্থ হয়েছেন ৭০১ জন। সোনারগাঁয়ে মৃত্যু হয়েছে ১৬ জনের, আক্রান্ত হয়েছেন ৪৭২ জন এবং সুস্থ হয়েছেন ৩৩৫ জন।</p>\r\n\r\n<p>&nbsp;</p>\r\n\r\n<p>গত ৭ এপ্রিল করোনাভাইরাস সংক্রমণের ক্ষেত্রে নারায়ণগঞ্জকে অতি ঝুঁকিপূর্ণ জেলা হিসেবে চিহ্নিত করে আইইডিসিআর।</p>', 5, 0, '[\"http:\\/\\/127.0.0.1:8000\\/storage\\/newspic\\/1594313281.jpeg\"]', 'hghh', '2020-07-09 10:48:01', '2020-07-15 00:04:36'),
(37, 4, 1, '৪ জনের, আক্রান্ত হয়েছেন ৫১১ জন', '<p>নারায়ণগঞ্জে কোভিড-১৯ রোগে আক্রান্ত আরও দুজনের মৃত্যু হয়েছে। এ নিয়ে এ রোগে ২ জন চিকিৎসক, জ্যেষ্ঠ নার্সসহ ১১৯ জনের মৃত্যু হলো। জেলায় নতুন করে আরও ৪২ জনের শরীরে করোনাভাইরাস শনাক্ত হয়েছে। এ নিয়ে জেলায় আক্রান্তের সংখ্যা ৫ হাজার ৩৮৫। মঙ্গলবার বিকেলে জেলা সিভিল সার্জন কার্যালয় থেকে এ তথ্য জানানো হয়েছে।</p>\r\n\r\n<p>&nbsp;</p>\r\n\r\n<p>নারায়ণগঞ্জ সদর উপজেলা স্বাস্থ্য কর্মকর্তা জাহিদুল ইসলাম প্রথম আলোকে বলেন, কোভিড-১৯ রোগে আক্রান্ত আরও দুজনের মৃত্যু হয়েছে। তাঁরা হলেন শহরের আমলাপাড়া এলাকার ৫৫ বছরের সমির কুমার সাহা ও সিদ্ধিরগঞ্জের মিজমিজি এলাকার ৬৮ বছরের ওয়াহিদ মিয়া। শহরের খানপুরে অবস্থিত ৩০০ শয্যা করোনা ডেডিকেটেড হাসপাতালে সোমবার বিকেলে ও রাতে চিকিৎসাধীন অবস্থায় তাঁদের মৃত্যু হয়েছে। গত ২৪ ঘণ্টায় নমুনা পরীক্ষা করা হয়েছে ৩৪১ জনের। নতুন করে করোনা শনাক্ত হয়েছে ৪২ জনের। আক্রান্ত হওয়ার পর আইসোলেশনে মোট সুস্থ হয়েছেন ৪ হাজার ৪ জন। নমুনা পরীক্ষা করা হয়েছে ২৬ হাজার ৭৭১ জনের।</p>\r\n\r\n<p>&nbsp;</p>\r\n\r\n<p>&nbsp;</p>\r\n\r\n<p>জেলা স্বাস্থ্য বিভাগ সূত্রে জানা গেছে, সিটি করপোরেশন এলাকায় কোভিড-১৯ রোগে আক্রান্ত হয়ে মৃত্যু হয়েছে ৬৪ জনের, আক্রান্ত হয়েছেন ১ হাজার ৮৮৯ জন, নমুনা সংগ্রহ করা হয়েছে ৮ হাজার ৫৯ জনের। আইসোলেশনে থেকে সুস্থ হয়েছেন ১ হাজার ৪১৪ জন।</p>\r\n\r\n<p>&nbsp;</p>\r\n\r\n<p>সদর উপজেলায় মৃত্যু হয়েছে ২২ জনের, আক্রান্ত হয়েছেন ১ হাজার ২৭৭ জন, সুস্থ হয়েছেন ১ হাজার ৩১ জন। বন্দর উপজেলায় মৃত্যু হয়েছে ৩ জনের, আক্রান্ত হয়েছেন ১৯৬ জন, সুস্থ হয়েছেন ১২১ জন। আড়াইহাজারে মৃত্যু হয়েছে ৪ জনের, আক্রান্ত হয়েছেন ৫১১ জন এবং সুস্থ হয়েছেন ৪০২ জন। রূপগঞ্জ উপজেলায় ১০ জনের মৃত্যু হয়েছে। আক্রান্ত হয়েছেন ১ হাজার ৪০ জন। আইসোলেশনে সুস্থ হয়েছেন ৭০১ জন। সোনারগাঁয়ে মৃত্যু হয়েছে ১৬ জনের, আক্রান্ত হয়েছেন ৪৭২ জন এবং সুস্থ হয়েছেন ৩৩৫ জন।</p>\r\n\r\n<p>&nbsp;</p>\r\n\r\n<p>গত ৭ এপ্রিল করোনাভাইরাস সংক্রমণের ক্ষেত্রে নারায়ণগঞ্জকে অতি ঝুঁকিপূর্ণ জেলা হিসেবে চিহ্নিত করে আইইডিসিআর।</p>', 1, 0, '[\"http:\\/\\/127.0.0.1:8000\\/storage\\/newspic\\/1594316637.jpeg\",\"http:\\/\\/127.0.0.1:8000\\/storage\\/newspic\\/1594316640.jpeg\"]', 'ssdsd', '2020-07-09 11:44:04', '2020-07-09 18:29:36'),
(38, 3, 1, '২৪ ভাগ স্বাস্থ্যসেবাদানকারী এখনো পিপিই পাননি: জরিপ', '<p>২৪ ভাগ স্বাস্থ্যসেবাদানকারী এখনো পিপিই পাননি: জরিপ২৪ ভাগ স্বাস্থ্যসেবাদানকারী এখনো পিপিই পাননি: জরিপ২৪ ভাগ স্বাস্থ্যসেবাদানকারী এখনো পিপিই পাননি: জরিপ২৪ ভাগ স্বাস্থ্যসেবাদানকারী এখনো পিপিই পাননি: জরিপ২৪ ভাগ স্বাস্থ্যসেবাদানকারী এখনো পিপিই পাননি: জরিপ২৪ ভাগ স্বাস্থ্যসেবাদানকারী এখনো পিপিই পাননি: জরিপ২৪ ভাগ স্বাস্থ্যসেবাদানকারী এখনো পিপিই পাননি: জরিপ২৪ ভাগ স্বাস্থ্যসেবাদানকারী এখনো পিপিই পাননি: জরিপ</p>\r\n\r\n<p>২৪ ভাগ স্বাস্থ্যসেবাদানকারী এখনো পিপিই পাননি: জরিপ২৪ ভাগ স্বাস্থ্যসেবাদানকারী এখনো পিপিই পাননি: জরিপ২৪ ভাগ স্বাস্থ্যসেবাদানকারী এখনো পিপিই পাননি: জরিপ২৪ ভাগ স্বাস্থ্যসেবাদানকারী এখনো পিপিই পাননি: জরিপ২৪ ভাগ স্বাস্থ্যসেবাদানকারী এখনো পিপিই পাননি: জরিপ২৪ ভাগ স্বাস্থ্যসেবাদানকারী এখনো পিপিই পাননি: জরিপ</p>\r\n\r\n<p>২৪ ভাগ স্বাস্থ্যসেবাদানকারী এখনো পিপিই পাননি: জরিপ২৪ ভাগ স্বাস্থ্যসেবাদানকারী এখনো পিপিই পাননি: জরিপ২৪ ভাগ স্বাস্থ্যসেবাদানকারী এখনো পিপিই পাননি: জরিপ২৪ ভাগ স্বাস্থ্যসেবাদানকারী এখনো পিপিই পাননি: জরিপ২৪ ভাগ স্বাস্থ্যসেবাদানকারী এখনো পিপিই পাননি: জরিপ২৪ ভাগ স্বাস্থ্যসেবাদানকারী এখনো পিপিই পাননি: জরিপ</p>\r\n\r\n<p>২৪ ভাগ স্বাস্থ্যসেবাদানকারী এখনো পিপিই পাননি: জরিপ২৪ ভাগ স্বাস্থ্যসেবাদানকারী এখনো পিপিই পাননি: জরিপ২৪ ভাগ স্বাস্থ্যসেবাদানকারী এখনো পিপিই পাননি: জরিপ২৪ ভাগ স্বাস্থ্যসেবাদানকারী এখনো পিপিই পাননি: জরিপ</p>\r\n\r\n<p>&nbsp;</p>', 38, 0, '[\"http:\\/\\/127.0.0.1:8000\\/storage\\/newspic\\/1594334779225.jpeg\",\"http:\\/\\/127.0.0.1:8000\\/storage\\/newspic\\/1594334779216.jpeg\",\"http:\\/\\/127.0.0.1:8000\\/storage\\/newspic\\/1594334779369.jpeg\"]', 'asdasd', '2020-07-09 16:09:58', '2020-07-15 22:12:27');

-- --------------------------------------------------------

--
-- Table structure for table `password_resets`
--

CREATE TABLE `password_resets` (
  `email` varchar(255) COLLATE utf8mb4_unicode_ci NOT NULL,
  `token` varchar(255) COLLATE utf8mb4_unicode_ci NOT NULL,
  `created_at` timestamp NULL DEFAULT NULL
) ENGINE=InnoDB DEFAULT CHARSET=utf8mb4 COLLATE=utf8mb4_unicode_ci;

--
-- Dumping data for table `password_resets`
--

INSERT INTO `password_resets` (`email`, `token`, `created_at`) VALUES
('afroza.akhi78@gmail.com', '$2y$10$/eztzlnNb/zg0848BPsmLOMlrxYbII/IppvZlcKiAvngbh6JSW0YC', '2020-07-17 14:41:14');

-- --------------------------------------------------------

--
-- Table structure for table `pictures`
--

CREATE TABLE `pictures` (
  `id` bigint(20) UNSIGNED NOT NULL,
  `location` varchar(255) COLLATE utf8mb4_unicode_ci NOT NULL,
  `description` varchar(255) COLLATE utf8mb4_unicode_ci NOT NULL,
  `day` date NOT NULL,
  `created_at` timestamp NULL DEFAULT NULL,
  `updated_at` timestamp NULL DEFAULT NULL
) ENGINE=InnoDB DEFAULT CHARSET=utf8mb4 COLLATE=utf8mb4_unicode_ci;

--
-- Dumping data for table `pictures`
--

INSERT INTO `pictures` (`id`, `location`, `description`, `day`, `created_at`, `updated_at`) VALUES
(2, 'http://127.0.0.1:8000/storage/newspic/1594291838.jpeg', '<p>সম্পাদক ও প্রকাশক: মতিউর রহমান&nbsp;সম্পাদক ও প্রকাশক: মতিউর রহমানসম্পাদক ও প্রকাশক: মতিউর রহমানসম্পাদক ও প্রকাশক: মতিউর রহমান</p>', '2020-07-09', '2020-07-09 10:50:39', '2020-07-09 10:50:39'),
(3, 'http://127.0.0.1:8000/storage/newspic/1594291871.jpeg', '<p>সম্পাদক ও প্রকাশক: মতিউর রহমান&nbsp;সম্পাদক ও প্রকাশক: মতিউর রহমানসম্পাদক ও প্রকাশক: মতিউর রহমানসম্পাদক ও প্রকাশক: মতিউর রহমান</p>', '2020-07-06', '2020-07-09 10:51:11', '2020-07-09 10:51:11'),
(4, 'http://127.0.0.1:8000/storage/newspic/1594291878.jpeg', '<p>সম্পাদক ও প্রকাশক: মতিউর রহমান&nbsp;সম্পাদক ও প্রকাশক: মতিউর রহমানসম্পাদক ও প্রকাশক: মতিউর রহমানসম্পাদক ও প্রকাশক: মতিউর রহমান</p>', '2020-07-06', '2020-07-09 10:51:18', '2020-07-09 10:51:18'),
(5, 'http://127.0.0.1:8000/storage/newspic/1594291885.jpeg', '<p>সম্পাদক ও প্রকাশক: মতিউর রহমান&nbsp;সম্পাদক ও প্রকাশক: মতিউর রহমানসম্পাদক ও প্রকাশক: মতিউর রহমানসম্পাদক ও প্রকাশক: মতিউর রহমান</p>', '2020-07-05', '2020-07-09 10:51:25', '2020-07-09 10:51:25'),
(7, 'http://127.0.0.1:8000/storage/newspic/1594291900.jpeg', '<p>সম্পাদক ও প্রকাশক: মতিউর রহমান&nbsp;সম্পাদক ও প্রকাশক: মতিউর রহমানসম্পাদক ও প্রকাশক: মতিউর রহমানসম্পাদক ও প্রকাশক: মতিউর রহমান</p>', '2020-07-04', '2020-07-09 10:51:40', '2020-07-09 10:51:40'),
(8, 'http://127.0.0.1:8000/storage/newspic/1594291969.jpeg', '<p>সম্পাদক ও প্রকাশক: মতিউর রহমান&nbsp;সম্পাদক ও প্রকাশক: মতিউর রহমানসম্পাদক ও প্রকাশক: মতিউর রহমানসম্পাদক ও প্রকাশক: মতিউর রহমান</p>', '2020-07-04', '2020-07-09 10:52:49', '2020-07-09 10:52:49'),
(9, 'http://127.0.0.1:8000/storage/newspic/1594291977.jpeg', '<p>সম্পাদক ও প্রকাশক: মতিউর রহমান&nbsp;সম্পাদক ও প্রকাশক: মতিউর রহমানসম্পাদক ও প্রকাশক: মতিউর রহমানসম্পাদক ও</p>', '2020-07-08', '2020-07-09 10:52:57', '2020-08-25 18:30:29'),
(10, 'http://127.0.0.1:8000/storage/newspic/1594291987.jpeg', '<p>সম্পাদক ও প্রকাশক: মতিউর রহমান&nbsp;সম্পাদক ও প্রকাশক: মতিউর রহমানসম্পাদক ও প্রকাশক: মতিsdfsশক</p>', '2020-07-08', '2020-07-09 10:53:07', '2020-08-25 18:45:07'),
(11, 'http://127.0.0.1:8000/storage/newspic/1594291995.jpeg', '<p>সম্পাদক ও প্রকাশক: মতিউর রহমান&nbsp;সম্পাদক ও প্রকাশক: মতিউর রহমানসম্পাদক ও প্রকাশক: মতিউর রহমানসম্পাদক ও প্রকাশক: মতিউর রহমান</p>', '2020-07-07', '2020-07-09 10:53:15', '2020-07-09 10:53:15'),
(12, 'http://127.0.0.1:8000/storage/newspic/1594292019.jpeg', '<p>সম্পাদক ও প্রকাশক: মতিউর রহমান&nbsp;সম্পাদক ও প্রকাশক: মতিউর রহমানসম্পাদক ও প্রকাশক: মরহমান</p>', '2020-07-07', '2020-07-09 10:53:39', '2020-08-25 18:34:21'),
(13, 'http://127.0.0.1:8000/storage/newspic/1594292046.jpeg', '<p>সম্পাদক ও প্রকাশক: মতিউর রহমান&nbsp;সম্পাদক ও প্রকাশক: মতিউর রহমানসম্পাদক ও প্রকাশক: মতিউর রহমানসম্পাদক ও প্রকাশক: মতিউর রহমান</p>', '2020-07-03', '2020-07-09 10:54:06', '2020-07-09 10:54:06'),
(14, 'http://127.0.0.1:8000/storage/newspic/1594292055.jpeg', '<p>সম্পাদক ও প্রকাশক: মতিউর রহমান&nbsp;সম্পাদক ও প্রকাশক: মতিউর রহমানসম্পাদক ও প্রকাশক: মতিউর রহমানসম্পাদক ও প্রকাশক: মতিউর রহমানwew</p>', '2020-07-03', '2020-07-09 10:54:15', '2020-08-25 18:48:39'),
(15, 'http://127.0.0.1:8000/storage/newspic/1594292064.jpeg', '<p>সম্পাদক ও প্রকাশক: মতিউর রহমান&nbsp;সম্পাদক ও প্রকাশক: মতিউর রহমানসম্পাদক ও প্রকাশক: মতিউর রহমানসম্পাদক ও প্রকাশক: মতিউর রহমানd</p>', '2020-07-02', '2020-07-09 10:54:24', '2020-08-25 18:36:24'),
(16, 'http://127.0.0.1:8000/storage/newspic/1594292075.jpeg', '<p>সম্পাদক ও প্রকাশক: মতিউর রহমান&nbsp;সম্পাদক ও প্রকাশক: মতিউর রহমানসম্পাদক ও প্রকাশক: মতিউর রহমানসম্পাদক ও প্রকাশক: মতিউর রহমান</p>', '2020-07-02', '2020-07-09 10:54:35', '2020-07-09 10:54:35'),
(17, 'http://127.0.0.1:8000/storage/newspic/1594292181.jpeg', '<p>সম্পাদক ও প্রকাশক: মতিউর রহমান&nbsp;সম্পাদক ও প্রকাশক: মতিউর রহমানসম্পাদক ও প্রকাশক: মতিউর রহমানসম্পাদক ও প্রকাশক: ম</p>', '2020-07-01', '2020-07-09 10:56:21', '2020-08-25 18:41:53'),
(18, 'http://127.0.0.1:8000/storage/newspic/1594292234.jpeg', '<p>সম্পাদক ও প্রকাশক: মতিউর রহমান&nbsp;সম্পাদক ও প্রকাশক: মতিউর রহমানসম্পাদক ও প্রকাশক: ম</p>', '2020-07-01', '2020-07-09 10:57:14', '2020-08-25 18:23:03');

-- --------------------------------------------------------

--
-- Table structure for table `saves`
--

CREATE TABLE `saves` (
  `id` bigint(20) UNSIGNED NOT NULL,
  `news_id` bigint(20) UNSIGNED NOT NULL,
  `user_id` bigint(20) UNSIGNED NOT NULL,
  `created_at` timestamp NULL DEFAULT NULL,
  `updated_at` timestamp NULL DEFAULT NULL
) ENGINE=InnoDB DEFAULT CHARSET=utf8mb4 COLLATE=utf8mb4_unicode_ci;

-- --------------------------------------------------------

--
-- Table structure for table `users`
--

CREATE TABLE `users` (
  `id` bigint(20) UNSIGNED NOT NULL,
  `name` varchar(255) COLLATE utf8mb4_unicode_ci NOT NULL,
  `email` varchar(255) COLLATE utf8mb4_unicode_ci NOT NULL,
  `email_verified_at` timestamp NULL DEFAULT NULL,
  `password` varchar(255) COLLATE utf8mb4_unicode_ci NOT NULL,
  `type` varchar(255) COLLATE utf8mb4_unicode_ci NOT NULL,
  `status` int(11) DEFAULT NULL,
  `location` varchar(255) COLLATE utf8mb4_unicode_ci NOT NULL,
  `remember_token` varchar(100) COLLATE utf8mb4_unicode_ci DEFAULT NULL,
  `created_at` timestamp NULL DEFAULT NULL,
  `updated_at` timestamp NULL DEFAULT NULL
) ENGINE=InnoDB DEFAULT CHARSET=utf8mb4 COLLATE=utf8mb4_unicode_ci;

--
-- Dumping data for table `users`
--

INSERT INTO `users` (`id`, `name`, `email`, `email_verified_at`, `password`, `type`, `status`, `location`, `remember_token`, `created_at`, `updated_at`) VALUES
(1, 'ADMIN', 'a@a.com', NULL, '$2y$10$zSPpHUg6sKyCAXLP8G4/KuJtj.pBECCkToJrsO6EP.UFA1k8qfdoe', 'ADMIN', 1, 'http://127.0.0.1:8000/storage/newspic/1594911022.jpeg', NULL, '2020-07-03 05:57:41', '2020-07-16 08:50:22'),
(2, 'sub admin', 'a@b.com', NULL, '$2y$10$QE7OHiYjWwYK5DKQwkVJZuHuhUJaUay0s.eoOb5PTO8WkgadbYMUS', 'SUBADMIN', 1, '', NULL, '2020-07-03 05:59:35', '2020-07-03 06:12:00'),
(3, 'user', 'a@c.com', NULL, '$2y$10$NNi3GWn8URCUBVgkX2Uus./4/RckQV9Y8N/Fv2TGGo0Ss0aXElc4K', 'NORMAL', 1, 'http://127.0.0.1:8000/storage/newspic/1594922791.png', NULL, '2020-07-03 06:00:09', '2020-07-16 12:06:32'),
(4, 'sdf', 'a@a.dd', NULL, '$2y$10$jvxVxZX9pHiuSi6YQaM1R.6mDdM34Bs4a9ijXFOP9KDWVzdEabyoW', 'ADMIN', 1, '', NULL, '2020-07-03 06:25:14', '2020-07-03 06:59:24'),
(7, 'anuva', 'afroza.akhi78@gmail.com', NULL, '$2y$10$rxT5mL/JjbuIqk2RF08e6u6KPWnogVhR6gWLcRJi3rmaYg3THkoCy', 'NORMAL', NULL, 'http://127.0.0.1:8000/storage/newspic/1594935447.png', 'HLOwqYxAZ7uXpzaGYSsYyBENQm3mduq7RQclcGY62DRQqWy9nbJbJGxSM0xz', '2020-07-16 15:27:46', '2020-07-16 15:37:28');

--
-- Indexes for dumped tables
--

--
-- Indexes for table `adds`
--
ALTER TABLE `adds`
  ADD PRIMARY KEY (`id`);

--
-- Indexes for table `common_pics`
--
ALTER TABLE `common_pics`
  ADD PRIMARY KEY (`id`);

--
-- Indexes for table `failed_jobs`
--
ALTER TABLE `failed_jobs`
  ADD PRIMARY KEY (`id`);

--
-- Indexes for table `mainmenus`
--
ALTER TABLE `mainmenus`
  ADD PRIMARY KEY (`id`);

--
-- Indexes for table `migrations`
--
ALTER TABLE `migrations`
  ADD PRIMARY KEY (`id`);

--
-- Indexes for table `news`
--
ALTER TABLE `news`
  ADD PRIMARY KEY (`id`),
  ADD KEY `news_mainmenu_id_foreign` (`mainmenu_id`),
  ADD KEY `news_user_id_foreign` (`user_id`);

--
-- Indexes for table `password_resets`
--
ALTER TABLE `password_resets`
  ADD KEY `password_resets_email_index` (`email`);

--
-- Indexes for table `pictures`
--
ALTER TABLE `pictures`
  ADD PRIMARY KEY (`id`);

--
-- Indexes for table `saves`
--
ALTER TABLE `saves`
  ADD PRIMARY KEY (`id`),
  ADD KEY `saves_news_id_foreign` (`news_id`),
  ADD KEY `saves_user_id_foreign` (`user_id`);

--
-- Indexes for table `users`
--
ALTER TABLE `users`
  ADD PRIMARY KEY (`id`),
  ADD UNIQUE KEY `users_email_unique` (`email`);

--
-- AUTO_INCREMENT for dumped tables
--

--
-- AUTO_INCREMENT for table `adds`
--
ALTER TABLE `adds`
  MODIFY `id` bigint(20) UNSIGNED NOT NULL AUTO_INCREMENT, AUTO_INCREMENT=11;

--
-- AUTO_INCREMENT for table `common_pics`
--
ALTER TABLE `common_pics`
  MODIFY `id` bigint(20) UNSIGNED NOT NULL AUTO_INCREMENT, AUTO_INCREMENT=9;

--
-- AUTO_INCREMENT for table `failed_jobs`
--
ALTER TABLE `failed_jobs`
  MODIFY `id` bigint(20) UNSIGNED NOT NULL AUTO_INCREMENT;

--
-- AUTO_INCREMENT for table `mainmenus`
--
ALTER TABLE `mainmenus`
  MODIFY `id` bigint(20) UNSIGNED NOT NULL AUTO_INCREMENT, AUTO_INCREMENT=7;

--
-- AUTO_INCREMENT for table `migrations`
--
ALTER TABLE `migrations`
  MODIFY `id` int(10) UNSIGNED NOT NULL AUTO_INCREMENT, AUTO_INCREMENT=20;

--
-- AUTO_INCREMENT for table `news`
--
ALTER TABLE `news`
  MODIFY `id` bigint(20) UNSIGNED NOT NULL AUTO_INCREMENT, AUTO_INCREMENT=39;

--
-- AUTO_INCREMENT for table `pictures`
--
ALTER TABLE `pictures`
  MODIFY `id` bigint(20) UNSIGNED NOT NULL AUTO_INCREMENT, AUTO_INCREMENT=21;

--
-- AUTO_INCREMENT for table `saves`
--
ALTER TABLE `saves`
  MODIFY `id` bigint(20) UNSIGNED NOT NULL AUTO_INCREMENT, AUTO_INCREMENT=2;

--
-- AUTO_INCREMENT for table `users`
--
ALTER TABLE `users`
  MODIFY `id` bigint(20) UNSIGNED NOT NULL AUTO_INCREMENT, AUTO_INCREMENT=8;

--
-- Constraints for dumped tables
--

--
-- Constraints for table `news`
--
ALTER TABLE `news`
  ADD CONSTRAINT `news_mainmenu_id_foreign` FOREIGN KEY (`mainmenu_id`) REFERENCES `mainmenus` (`id`),
  ADD CONSTRAINT `news_user_id_foreign` FOREIGN KEY (`user_id`) REFERENCES `users` (`id`);

--
-- Constraints for table `saves`
--
ALTER TABLE `saves`
  ADD CONSTRAINT `saves_news_id_foreign` FOREIGN KEY (`news_id`) REFERENCES `news` (`id`),
  ADD CONSTRAINT `saves_user_id_foreign` FOREIGN KEY (`user_id`) REFERENCES `users` (`id`);
COMMIT;

/*!40101 SET CHARACTER_SET_CLIENT=@OLD_CHARACTER_SET_CLIENT */;
/*!40101 SET CHARACTER_SET_RESULTS=@OLD_CHARACTER_SET_RESULTS */;
/*!40101 SET COLLATION_CONNECTION=@OLD_COLLATION_CONNECTION */;
